2	10253	masar 1
4	9185	ma?
5	9185	kubbad
6	9185	baa
7	9184	ma?
8	9184	miis
9	9184	baa
10	9183	miis
11	9183	ma?
12	9183	ayaa
13	9183	kan
14	9183	-i
15	9186	maxay
16	9186	baa
17	9186	uu
18	9186	samee-
19	9186	-n
20	9186	-ay 1
21	9186	-aa 2
22	9271	wanaag
23	9273	bog
24	9351	cabb-
25	9351	-itaan
26	9525	beer 2
27	9525	-tii
28	9526	tan
29	9526	-i
30	9526	ma?
31	9526	gabdh-
32	9526	baa
33	9527	Cabdi
34	9527	-ow
35	9528	Maxamed
36	9528	-ow
37	9529	Xasan
38	9529	-ow
39	9530	Muus-
40	9530	-e
41	9531	Maryan
42	9531	-Vy
43	9532	Faadum-
44	9532	-o
45	9533	Aamin-
46	9533	-o
47	9534	Cabdi
48	9534	´-Ø
49	9535	Maxamed
50	9535	´-Ø
51	9536	war
52	9536	sam-
53	9536	-e
54	9536	´-Ø
55	9537	hooy-
56	9537	-o
57	9538	hooy-
59	9539	Maryan
60	9539	´-Ø
61	9540	faadum-
63	9541	aamin-
65	9542	carruur
66	9542	-Vy
67	9543	gabdh-
68	9543	-o 2
69	9543	-ow
70	9544	gabdh-
71	9544	-o 2
72	9544	´-Ø
73	9545	shimbir
74	9545	-Vy
75	9546	shimbir
76	9546	-o 2
77	9546	-ow
78	9547	shimbir
79	9547	-o 2
80	9547	-yahow
81	9548	gabdh-
82	9548	-o
83	9548	-yahow
84	9549	wiil
85	9549	-aC
86	9549	-yahow
87	9550	gabdh-
88	9550	-o 2
89	9550	-kay
90	9550	-ka
91	9550	-ow
92	9551	wiil
93	9551	-aC
94	9551	-tay
95	9551	-ta
96	9551	-ow
98	9552	shimbir
99	9552	-tay
100	9552	-ta
101	9552	yar
102	9552	-Vy
103	9553	gabdh-
104	9553	-tay
105	9553	-ta
106	9553	yar
107	9553	-Vy
108	9554	wiil
109	9554	-kay
110	9554	-ka
111	9554	yar
112	9554	-ow
113	9541	-o
114	9541	´-Ø
115	9540	-o
116	9540	´-Ø
117	9538	-o
118	9538	-Vy
119	9537	´-Ø
120	9533	-Vy
121	9532	-Vy
122	9530	-ow
123	9664	suum-
124	9665	dul 1
125	9916	dul 1
126	9916	-o 2
127	9917	dul 1
128	9917	-o 2
129	9917	-ka
130	9918	dul 1
131	9918	-ka
132	9919	dul 1
133	9919	-aC
134	9920	dul 1
135	9920	-aC
136	9920	-ka
137	10017	dul 1
138	10017	-kee
139	10017	
140	10018	waa
141	10018	y-
142	10018	ah
143	10018	-ay 3
144	10019	waa
145	10019	t-
146	10019	ah
147	10019	-ay 3
148	10020	waa
149	10020	y-
150	10020	-iri-
151	10021	waa
152	10021	t-
153	10021	-iri-
154	10022	waa
155	10022	y-
156	10022	-aqaann-
157	10023	waa
158	10023	t-
159	10023	-aqaann-
160	10024	waa
161	10024	t-
162	10024	-aall-
163	10024	-aa 2
164	10025	waa
165	10025	y-
166	10025	-aall-
167	10025	-aa 2
168	10026	y-
169	10026	ah
170	10026	-ay 3
171	10027	t-
172	10027	-iri-
173	10028	waa
174	10028	y-
175	10028	-iraahd-
176	10028	-ee 2
177	10028	-n 2
178	10029	waa
179	10029	t-
180	10029	-iraahd-
181	10029	-ee 2
182	10029	-n 2
183	10030	waa
184	10030	t-
185	10030	-iraahd-
186	10030	-aa 2
187	10031	waa
188	10031	y-
189	10031	-iraahd-
190	10031	-aa 2
191	10032	waa
192	10032	y-
193	10032	-iraahd-
194	10032	-aa 2
195	10032	-n 2
196	10033	waa
197	10033	y-
198	10033	-iraahd-
199	10033	-ee 2
200	10033	-n 2
201	10034	waa
202	10034	t-
203	10034	-imaad-
204	10034	-t
205	10034	-ee 2
206	10034	-n 2
207	10035	waa
208	10035	aan 1
209	10035	sheeg-
210	10035	-i 2
211	10035	doon-
212	10035	-aa 2
213	10036	waa
214	10036	aan 1
215	10036	joog-
216	10036	-i 2
217	10036	doon-
218	10036	-aa 2
219	10037	joog-
220	10037	-i 2
221	10037	doon-
222	10037	-aa 2
223	10038	sheeg-
224	10038	-i 2
225	10038	doon-
226	10038	-aa 2
227	10039	sheeg-
228	10039	-i 2
229	10039	leh
230	10039	-aa 3
231	10040	joog-
232	10040	-i 2
233	10040	leh
234	10040	-aa 3
235	10041	guur
236	10041	-sad-
237	10041	-o 3
238	10042	fiir-
239	10042	-sad-
240	10042	-o 3
241	10043	iib-
242	10043	-sad-
243	10043	-o 3
244	10045	kar-
245	10045	-sad-
246	10045	-o 3
247	10047	Xuseen
248	10048	Xuseen
249	10048	-ow
250	10049	qoys
251	10049	-ka
252	10050	hoy
253	10050	-ka
254	10051	kala
255	10051	+
256	10051	gooy-
257	10052	kala
258	10052	+
259	10052	gooy-
260	10052	-n
261	10053	kala
262	10053	+
263	10053	gooy-
264	10054	gooy-
265	10054	-n
266	10054	-ta
267	10055	kala
268	10055	gooy-
269	10055	-aa 2
270	10056	gooy-
271	10056	-n
272	10057	gooy-
273	10057	-aa 2
274	10058	waa
275	10058	uu
276	10058	gooy-
277	10058	-aa 2
278	10059	gooy-
279	10059	-Ø 3
280	10060	gooy-
281	10060	-Ø 3
282	10061	gooy-
283	10061	-Ø 3
284	10061	geed
285	10061	-ka
286	10062	waa
287	10062	yaxaas
288	10063	ma?
289	10063	yaxaas
290	10063	baa
291	10064	ma?
292	10064	jiir
293	10064	baa
294	10065	waa
295	10065	nim-
296	10066	ma?
297	10066	nim-
298	10066	baa
299	10067	waa
300	10067	koofi
301	10068	waa
302	10068	koofi
303	10068	-ad
304	10069	ma?
305	10069	koofi
306	10069	-ad
307	10069	baa
308	10070	dab
309	10070	+
310	10070	joog-
311	10071	neef 1
312	10072	kala
313	10073	neef 1
314	10073	-Ø´
315	10075	neef 1
316	10075	-ka
317	10076	neef 2
318	10077	waa
319	10077	neef 1
320	10078	ma?
321	10078	neef 1
322	10078	baa
323	10079	waa
324	10079	neef 2
325	10080	ma?
326	10080	neef 2
327	10080	baa
328	10081	waa
329	10081	beer 1
330	10082	ma?
331	10082	beer 1
332	10082	baa
333	10083	waa
334	10083	beer 2
335	10084	ma?
336	10084	beer 2
337	10084	baa
338	10085	waxaa
339	10085	uu
340	10085	beer 3
341	10085	-ay 1
342	6975	naag
343	6138	naag
344	6138	-o 2
345	6138	-ka
346	6137	naag
347	6137	-o 2
348	6140	naag
349	6140	-ta
350	8227	naag
351	8227	-ta
352	8227	yar
353	5761	naag
354	5761	-tan
355	8226	naag
356	8226	-tii
357	8228	naag
358	8228	-tii
359	8228	yar
360	8228	-ayd
361	10307	naawil-
362	10307	-id
363	10308	nabar
364	10309	nad-
365	10309	-o
366	10311	najaas-
367	10311	-o
368	10265	nal
369	8466	na
370	8466	la 2
371	8466	hadl-
372	8510	na
373	8510	la 2
374	8510	soo
375	8510	xiriir
376	8510	-Ø 3
377	8466	-Ø 3
378	10306	naxdin
379	5751	nim-
380	5736	nirg-
381	5738	nirg-
382	6234	nooc
383	6234	-kee
384	6234	albaab
385	6234	-ka
386	10298	Nuur
387	9459	oday
388	9459	-kii
389	8937	olol
390	9971	oof
391	9971	+
392	10285	oofi
393	10285	-n
394	10141	ord-
395	10141	-a
396	9571	ord-
397	9571	-i 2
398	9571	ma
399	9571	-ay 1
400	9571	-aa 4
401	9571	-n 2
402	10172	ord-
403	10172	-id
404	8938	orgi
405	10171	orod
406	10142	ord-
407	10142	-Ø 3
408	8201	qaab
409	8198	qaab
410	8198	+
411	8198	darr-
412	9967	qaad- 1
413	9967	-Ø 3
414	10228	qaad- 2
415	10228	-t- 1
416	9973	qaax-
417	9973	-o
418	10268	qalab
419	8126	qalim-
420	8126	-aan
421	8130	qalim-
422	8130	-aan
423	8130	-ta
424	8134	qalim-
425	8134	-aan
426	8134	-taa
427	8134	-ta
428	8136	qalim-
429	8136	-aan
430	8136	-taa
431	8136	-taas
432	8138	qalim-
433	8138	-aan
434	8138	-taa
435	8138	-taas
436	8138	cusb-
437	8129	qalim-
438	8129	-o 2
439	8129	-ka
440	8128	qalim-
441	8128	-o 2
442	8128	-ta
443	8133	qalim-
444	8133	-o 2
445	8133	-taa
446	8133	-ta
447	8135	qalim-
448	8135	-o 2
449	8135	-taa
450	8135	-taas
451	9681	qayb
452	9982	qayb
453	9982	libaax
454	9682	qayb
455	9682	-ta
456	9994	qod-
457	9994	-Ø 3
458	9730	qod-
459	9730	-aa 2
460	9993	qod-
461	9993	-id
462	8155	qof
463	9048	qof
464	9048	dumar
465	9048	ah
466	7059	qof
467	7059	marti
468	7059	ah
469	9258	qof
470	9258	-kaas
471	9258	-i
472	9258	waa
473	9258	kuma
474	9935	qorrax
475	9936	qorrax
476	9936	-o 2
477	6731	qoys
478	8011	qoys
479	8011	-ka
480	8011	Cumar
481	9921	raad
482	9922	raad
483	9922	-aC
484	9923	raad
485	9923	-aC
486	9923	-ka
487	9941	raad
488	9941	-aC
489	9941	-kaa
490	9941	-ka
491	9944	raad
492	9944	-aC
493	9944	-kaa
494	9944	-kaas
495	9946	raad
496	9946	-aC
497	9946	-kaa
498	9946	-kaas
499	9946	baa
500	9946	CV(C)-
501	9946	weyn
502	9945	raad
503	9945	-aC
504	9945	-kaa
505	9945	-kaas
506	9945	baa
507	9945	weyn
509	9948	raad
510	9948	-aC
511	9948	-kaa
512	9948	-kaas
513	9948	-aa 5
514	9948	CV(C)-
515	9948	weyn
516	9940	raad
517	9940	-aC
518	9940	-kan
519	9904	raad
520	9904	-ka
521	9905	raad
522	9905	-kaa
523	9905	-ka
524	9950	raad
525	9950	-ka
526	9950	-aa 5
527	9950	-na
528	9950	weyn
529	9903	raad
530	9903	-kan
531	9907	raad
532	9907	-kay
533	9907	-ka
534	5788	raashin
535	6547	rag
536	6547	Soomaali
537	6547	-eed
538	9926	rag
539	9926	-ka
540	5580	rati
541	6828	rati
542	6828	ayaa
543	6828	aan 1
544	6828	ani-
545	6828	-ka
546	6828	-u
547	6828	ark-
548	6828	-ay 2
549	6824	rati
550	6824	ayaa
551	6824	aan 1
552	6824	ark-
553	6824	-ay 2
554	6825	rati
555	6825	baa
556	6825	aan 1
557	6825	ark-
558	6825	-ay 2
559	5581	rati
560	5581	weyn
561	8012	reer
562	9956	reer
563	9956	+
564	10236	ri'
565	9726	rid-
566	9726	-aa 2
567	9859	rid-
568	9859	-ay 2
569	7583	roob
570	7585	roob
571	7585	-aC
572	7586	roob
573	7586	-aC
574	7586	-ka
575	7584	roob
576	7584	-ka
577	7343	rooti
578	6383	rooti
579	6383	-ta
580	7793	rooti
581	7793	-tan
582	6382	rooti
583	6382	-ka
584	7801	rooti
585	7801	-kaa
586	7801	-ka
587	7806	rooti
588	7806	-kaa
589	7806	-kan
590	7348	rooti
591	7348	-kaas
592	7347	rooti
593	7347	-kan
594	7800	rooti
595	7800	-kay
596	7800	-ka
597	7807	rooti
598	7807	-kay
599	7807	-kan
600	7804	rooti
601	7804	-keed
602	7804	-ka
603	7811	rooti
604	7811	-keed
605	7811	-kaas
606	7803	rooti
607	7803	-kiis
608	7803	-ka
609	7810	rooti
610	7810	-kiis
611	7810	-kaas
612	7352	rooti
613	7352	-kood
614	7812	rooti
615	7812	-kood
616	7812	-kaas
617	7787	rooti
618	7787	-o 2
619	7787	-ta
620	7790	rooti
621	7790	-o 2
622	7790	-taas
623	7791	rooti
624	7791	-o 2
625	7791	-tan
626	7792	rooti
627	7792	-o 2
628	7792	-kan
629	7786	rooti
630	7786	-o 2
631	10312	Aamin-
632	10312	-o
633	10313	aad
634	10314	aay-
635	10314	-o
636	10315	aarsi
637	10316	aammus
638	10317	aar
639	10318	aan-
640	10318	-o
641	10319	aagaan
642	10320	abbuur
643	10321	aag
644	10322	baar
645	10323	baad 2
646	10324	caar-
647	10324	-o
648	10325	saadaal
649	10325	-i 3
650	10325	-n
651	10326	saafi
652	10327	waal-
653	10327	-o
654	10330	harraad
655	10329	aasaas
656	10331	daawad-
657	10331	-sh-
658	10331	-o
659	10332	baaf
660	5441	caw-
661	5441	-o
662	5441	-ta
663	5441	-tan
664	5444	caw-
665	5444	-o
666	5444	-tii
667	5452	maalm-
668	5452	-o 2
669	5452	afar
670	5452	ah
671	5452	oo
672	5452	hor
673	5452	-ee 3
674	5452	t-
675	5452	-ay 2
676	5463	macallim-
677	5463	iyo
678	5463	arday
679	5464	bar-
680	5464	-e
681	5464	iyo
682	5464	arday
683	5495	macallim-
684	5495	-iin
685	5495	-ta
686	5514	afar
687	5514	inan 1
688	9555	wiil
689	9555	-ka
690	9555	ord-
691	9555	-ay 1
692	9555	-a 2
693	9555	-ow
694	9556	gabdh-
695	9556	-ta
696	9556	ord-
697	9556	-ay 1
698	9556	-a 2
699	9556	-t
700	9556	-Vy
701	9557	wiil
702	9557	-ka
703	9557	jiif-
704	9557	-a 2
705	9557	-ow
706	9558	wiil
707	9558	-ka
708	9558	hurd-
709	9558	-ay 1
710	9558	-a 2
711	9558	-ow
712	9559	madax
713	9559	+
714	9559	weyn
715	9559	-e
716	9560	madax
717	9560	+
718	9560	weyn
719	9560	-e
720	9561	waa
721	9561	ay
722	9561	ord-
723	9561	-i 2
724	9561	jir-
725	9561	-ee 2
726	9561	-n 2
727	9562	guddoom-
728	9562	-i 3
729	9562	-e
730	9562	´-Ø
731	9563	waa
732	9563	ay
733	9563	ord-
734	9563	-i 2
735	9563	kar- 2
736	9563	-aa 2
737	9563	-n 2
738	10136	waa
739	10136	aan 1
740	10136	ord-
741	10136	-i 2
742	10136	kar- 2
743	10136	-aa 2
744	10143	waa
745	10143	aan 1
746	10143	eeg-
747	10143	-i 2
748	10143	kar- 2
749	10143	-aa 2
750	10163	waa
751	10163	aan 1
752	10163	bood-
753	10163	-i 2
754	10163	kar- 2
755	10163	-aa 2
756	10179	waa
757	10179	aan 1
758	10179	hees-
759	10179	-i 2
760	10179	kar- 2
761	10179	-aa 2
762	10185	waa
763	10185	aan 1
764	10185	hel-
765	10185	-i 2
766	10185	kar- 2
767	10185	-aa 2
768	10190	kar-
769	10190	-i 3
770	10190	-n
771	10190	-ay 1
772	10190	-aa 2
773	10211	koob
774	10211	-ka
775	10211	waa
776	10211	uu
777	10211	iib-
778	10211	-sad-
779	10211	-n
780	10211	kar- 2
781	10211	-aa 2
782	10212	koob
783	10212	-ka
784	10212	waa
785	10212	uu
786	10212	iib-
787	10212	-sad-
788	10212	-n
789	10212	kar- 2
790	10212	-aa 2
791	9947	laam-
792	9947	-o 2
793	9947	-kaa
794	9947	-kaas
795	9947	baa
796	9947	CV(C)-
797	9947	weyn
798	9949	laam-
799	9949	-o 2
800	9949	-kaa
801	9949	-kaas
802	9949	-aa 5
803	9949	CV(C)-
804	9949	weyn
805	9951	laam-
806	9951	-ta
807	9951	-aa 5
808	9951	-na
809	9951	weyn
810	9952	san 1
811	9953	san 1
812	9953	-aC
813	9954	san 1
814	9954	-aC
815	9954	-ka
816	9955	dheg
817	9955	-o 2
818	9955	-kaa
819	9955	-ka
820	9957	sheek-
821	9957	-o
822	9957	-tan
823	9958	daam-
824	9959	daam-
825	9959	-ka
826	9960	daam-
827	9960	dheer
828	9961	dheg
829	9961	-o 2
830	9961	+
831	9961	dheer
832	9962	lug
833	9962	-o 2
834	9962	+
835	9962	dheer
836	9963	gacm-
837	9963	-o 2
838	9963	+
839	9963	dheer
840	9964	dheg
841	9964	+
842	9965	dab
843	9966	dab
844	9966	+
845	9966	qaad- 1
846	9968	jeeni
847	9969	wareem-
848	9974	wareem-
849	9974	-t- 1
850	9974	-o
851	9970	jeeni
852	9970	+
853	9972	urug-
854	9972	-o
855	9975	xiiq
856	9975	+
857	9976	xiiq
858	9977	far
859	9977	libaax
860	9978	far
861	9978	+
862	9979	gacm-
863	9979	libaax
864	9980	gacm-
865	9980	+
866	9981	shimbir
867	9981	+
868	9983	eeg-
869	9983	-id
870	9984	waa
871	9984	aan 1
872	9984	eeg-
873	9984	-i 2
874	9984	doon-
875	9984	-aa 2
876	9985	waa
877	9985	aan 1
878	9985	eeg-
879	9985	-ay 1
880	9985	-aa 2
881	9986	waa
882	9986	aan 1
883	9986	eeg-
884	9986	-aa 2
885	9987	waa
886	9987	aan 1
887	9987	hel-
888	9987	-ay 2
889	9988	waa
890	9988	aan 1
891	9988	hel-
892	9988	-ay 1
893	9988	-aa 2
894	9989	waa
895	9989	aan 1
896	9989	hel-
897	9989	-aa 2
898	9990	hel-
899	9990	-id
900	9991	waa
901	9991	aan 1
902	9991	qod-
903	9731	waa
904	9731	qod-
905	9731	-aa 2
906	9734	waa
907	9734	qod-
908	9734	-ay 1
909	9734	-aa 2
910	9849	waa
911	9849	qod-
912	9849	t-
913	9849	-aa 2
914	9865	waa
915	9865	la
916	9865	qod-
917	9865	-ay 2
918	9991	-ay 1
919	9991	-aa 2
920	9992	waa
921	9992	aan 1
922	9992	qod-
923	9992	-aa 2
924	10086	waxaa
925	10086	uu
926	10086	qod-
927	10086	-ay 1
928	10086	-aa 2
929	10086	beer 2
930	10086	-tiis
931	10086	-ta
932	9995	waa
933	9995	aan 1
934	9995	tol-
935	9995	-ay 1
936	9995	-aa 2
937	9996	waa
938	9996	aan 1
939	9996	tol-
940	9996	-aa 2
941	9997	waa
942	9997	aan 1
943	9997	tol-
944	9997	-i 2
945	9997	doon-
946	9997	-aa 2
947	9998	tol-
948	9998	-id
949	9999	tol-
950	9999	-id
951	9999	-ta
952	10000	cun-
953	10000	-id
954	10001	cun-
955	10001	-id
956	10001	-ta
957	10002	waa
958	10002	aan 1
959	10002	bood-
960	10002	-ay 1
961	10002	-aa 2
962	10003	waa
963	10003	aan 1
964	10003	bood-
965	10003	-aa 2
966	10004	bood-
967	10004	-id
968	10005	bood-
969	10005	-id
970	10005	-ta
971	10006	bood-
972	10006	-Ø 3
973	10007	eeg-
974	10007	-id
975	10007	-ta
976	10008	af
977	10008	-kee
978	10009	gacm-
979	10009	-tee
980	10010	hees
981	10010	-tee
982	10011	geed
983	10011	-kee
984	10012	meel
985	10012	-tee
986	10013	kee
987	10014	tee
988	10015	kab
989	10015	-tee
990	10016	libaax
991	10016	-kee
992	10044	tiig
993	10044	-sad-
994	10044	-o 3
995	10046	dir-
996	10046	-sad-
997	10046	-o 3
998	10087	ma?
999	10087	ilk-
1000	10087	-o 2
1001	10087	baa
1002	10088	waa
1003	10088	ilk-
1004	10088	-o 2
1005	10089	ma?
1006	10089	ilk-
1007	10089	baa
1008	10090	waa
1009	10090	ilk-
1010	10091	ma?
1011	10091	inan 2
1012	10091	baa
1013	10092	waa
1014	10092	inan 2
1015	10093	ma?
1016	10093	inan 1
1017	10093	baa
1018	10094	waa
1019	10094	inan 1
1020	10095	ma?
1021	10095	feer 2
1022	10095	baa
1023	10096	waa
1024	10096	feer 2
1025	10097	ma?
1026	10097	feer 1
1027	10097	baa
1028	10098	waa
1029	10098	feer 1
1030	10099	kan
1031	10099	-i
1032	10099	waa
1033	10099	feer 1
1034	10100	sim-
1035	10101	waa
1036	10101	misk-
1037	10102	ma?
1038	10102	misk-
1039	10102	baa
1040	10103	waa
1041	10103	nirg-
1042	10104	ma?
1043	10104	nirg-
1044	10104	baa
1045	10105	waa
1046	10105	nirg-
1047	10106	ma?
1048	10106	nirg-
1049	10106	baa
1050	10107	ma?
1051	10107	caan-
1052	10107	-o 2
1053	10107	cabb-
1054	10107	-aa 2
1055	10108	ma?
1056	10108	caan-
1057	10108	-o 2
1058	10108	baa
1059	10108	uu
1060	10108	cabb-
1061	10108	-aa 2
1062	10109	caan-
1063	10109	-o 2
1064	10109	ma?
1065	10109	ayaa
1066	10109	uu
1067	10109	cabb-
1068	10109	-aa 2
1069	10110	caan-
1070	10110	-o 2
1071	10110	ma?
1072	10110	uu
1073	10110	cabb-
1074	10110	-aa 2
1075	10111	caan-
1076	10111	-o 2
1077	10111	ma?
1078	10111	cabb-
1079	10111	-aa 2
1080	10112	haa
1081	10112	caan-
1082	10112	-o 2
1083	10112	baa
1084	10112	uu
1085	10112	cabb-
1086	10112	-aa 2
1087	10113	haa
1088	10113	waa
1089	10113	cabb-
1090	10113	-aa 2
1091	10114	haa
1092	10114	waa
1093	10114	uu
1094	10114	cabb-
1095	10114	-aa 2
1096	10115	caan-
1097	10115	-O 2
1098	10115	ma?
1099	10115	cabb-
1100	10115	-t
1101	10115	-aa 2
1102	10116	haa
1103	10116	waa
1104	10116	aan 1
1105	10116	cabb-
1106	10116	-aa 2
1107	10117	cabb-
1108	10117	-Ø 3
1109	10119	tir-
1110	10119	-o
1111	10119	idl-
1112	10120	dal
1113	10120	-ka
1114	10120	oo
1115	10120	idl-
1116	10121	dal
1117	10121	-ka
1118	10121	oo
1119	10121	dhamm-
1121	10122	ku
1122	10122	bood-
1123	10123	bood-
1124	10123	-a
1125	10124	ka
1126	10124	bood-
1127	10124	-Ø 3
1128	10125	ka
1129	10125	soo
1130	10125	bood-
1131	10125	-Ø 3
1132	10126	ka
1133	10126	bax-
1134	10127	waa
1135	10127	uu
1136	10127	bood-
1137	10127	-ay 1
1138	10127	-aa 2
1139	10128	waa
1140	10128	uu
1141	10128	bood-
1142	10128	-aa 2
1143	10129	waa
1144	10129	bood-
1145	10129	-t
1146	10129	-aa 2
1147	10130	waa
1148	10130	ka
1149	10130	bood-
1150	10130	-aa 2
1151	10131	waa
1152	10131	ka
1153	10131	bood-
1154	10131	-t
1155	10131	-aa 2
1156	10132	waa
1157	10132	ka
1158	10132	bood-
1159	10132	-ay 2
1160	10133	waa
1161	10133	aan 1
1162	10133	ka
1163	10133	bood-
1164	10133	-ay 2
1165	10134	joog-
1166	10134	-Ø 3
1167	10135	ka
1168	10135	joog-
1169	10135	-sad-
1170	10135	-o 3
1171	10137	waa
1172	10137	aan 1
1173	10137	ord-
1174	10137	-i 2
1175	10137	doon-
1176	10137	-aa 2
1177	10138	waa
1178	10138	aan 1
1179	10138	ord-
1180	10138	-ay 2
1181	10139	waa 
1182	10139	aan 1
1183	10139	ord-
1184	10139	-aa 2
1185	10140	waa
1186	10140	aan 1
1187	10140	ord-
1188	10140	-ay 1
1189	10140	-aa 2
1190	10144	waa
1191	10144	eeg-
1192	10144	-ee 2
1193	10144	-n 2
1194	10145	waa
1195	10145	eeg-
1196	10145	-ay 2
1197	10146	eeg-
1198	10146	-a
1199	10147	farii-
1200	10147	-sad-
1201	10147	-o 3
1202	10148	fiir-
1203	10148	-i 3
1204	10148	-Ø 3
1205	10149	gabdh-
1206	10149	-ta
1207	10150	gabdh-
1208	10151	waa
1209	10151	ka
1210	10151	joog-
1211	10151	-ay 2
1212	10152	waa
1213	10152	aan 1
1214	10152	ka
1215	10152	joog-
1216	10152	-ay 2
1217	10153	ani-
1218	10153	-ka
1219	10153	-u
1220	10153	waa
1221	10153	aan 1
1222	10153	ka
1223	10153	joog-
1224	10153	-ay 2
1225	10154	ani-
1226	10154	-ka
1227	10154	-u
1228	10154	waa
1229	10154	ka
1230	10154	joog-
1231	10154	-ay 2
1232	10155	waa
1233	10155	uu
1234	10155	ka
1235	10155	joog-
1236	10155	-ay 2
1237	10156	isa-
1238	10156	-ka
1239	10156	-u
1240	10156	waa
1241	10156	ka
1242	10156	joog-
1243	10156	-ay 2
1244	10157	waa
1245	10157	ka
1246	10157	joog-
1247	10157	-aa 2
1248	10158	waa
1249	10158	ka
1250	10158	joog-
1251	10158	-t
1252	10158	-aa 2
1253	10159	waa
1254	10159	ka
1255	10159	joog-
1256	10159	-sad-
1257	10159	-n
1258	10159	-ay 1
1259	10159	-aa 2
1260	10160	joog-
1261	10160	-sad-
1262	10160	-o 3
1263	10161	ka
1264	10161	joog-
1265	10161	-Ø 3
1267	10162	ku
1268	10162	joog-
1269	10164	waa
1270	10164	ka
1271	10164	bood-
1272	10164	-i 2
1273	10164	doon-
1274	10164	-aa 2
1275	10165	waa
1276	10165	ka
1277	10165	bood-
1278	10165	-ee 2
1279	10165	-n 2
1280	10166	waa
1281	10166	ay
1282	10166	ka
1283	10166	bood-
1284	10166	-ee 2
1285	10166	-n 2
1286	10167	waa
1287	10167	ka
1288	10167	bood-
1289	10167	-t
1290	10167	-ay 2
1291	10168	waa
1292	10168	ay
1293	10168	ka
1294	10168	bood-
1295	10168	-t
1296	10168	-ay 2
1297	10169	waa
1298	10169	uu
1299	10169	ka
1300	10169	bood-
1301	10169	-ay 2
1302	10173	hees-
1303	10173	-a
1304	10174	waa
1305	10174	aan 1
1306	10174	hees-
1307	10174	-ay 1
1308	10174	-aa 2
1309	10175	waa
1310	10175	aan 1
1311	10175	hees-
1312	10175	-aa 2
1313	10176	waa
1314	10176	aan 1
1315	10176	hees-
1316	10176	-ay 2
1317	10177	waa
1318	10177	ay
1319	10177	hees-
1320	10177	-ee 2
1321	10177	-n 2
1322	10178	waa
1323	10178	aan 1
1324	10178	hees-
1325	10178	-i 2
1326	10178	doon-
1327	10178	-aa 2
1328	10180	hees-
1329	10180	-id
1330	10181	hel-
1331	10181	-a
1332	10183	waa
1333	10183	ay
1334	10183	hel-
1335	10183	-ee 2
1336	10183	-n 2
1337	10184	waa
1338	10184	aan 1
1339	10184	hel-
1340	10184	-i 2
1341	10184	doon-
1342	10184	-aa 2
1343	10186	soor
1344	10187	mushaari
1345	10188	boorash
1346	10189	iib-
1347	10189	-sad-
1348	10189	-n
1349	10189	-ay 1
1350	10189	-aa 2
1351	10191	ma?
1352	10191	iib-
1353	10191	-sad-
1354	10191	-t
1355	10191	-ay 2
1356	10191	beer 2
1357	10191	-ta
1358	10192	beer 2
1359	10192	-ta
1360	10192	ma?
1361	10192	iib-
1362	10192	-sad-
1363	10192	-t
1364	10192	-ay 2
1365	10193	gaari 1
1366	10193	ma?
1367	10193	iib-
1368	10193	-sad-
1369	10193	-t
1370	10193	-ay 2
1371	10194	ma?
1372	10194	iib-
1373	10194	-sad-
1374	10194	-t
1375	10194	-ay 2
1376	10194	gaari 1
1377	10195	baabuur
1378	10195	ma?
1379	10195	iib-
1380	10195	-sad-
1381	10195	-t
1382	10195	-ay 2
1383	10196	moos
1384	10196	ma?
1385	10196	iib-
1386	10196	-sad-
1387	10196	-t
1388	10196	-ay 2
1389	10197	haa
1390	10197	waa
1391	10197	iib-
1392	10197	-sad-
1393	10197	-ay 2
1394	10197	gaari 1
1395	10197	-ka
1396	10198	haa
1397	10198	waa
1398	10198	aan 1
1399	10198	iib-
1400	10198	-sad-
1401	10198	-ay 2
1402	10198	gaari 1
1403	10198	-ka
1404	10199	haa
1405	10199	gaari 1
1406	10199	-ka
1407	10199	waa
1408	10199	aan 1
1409	10199	iib-
1410	10199	-sad-
1411	10199	-ay 2
1412	10200	baabuur
1413	10200	-ka
1414	10200	-Ø 6
1415	10200	aan 1
1416	10200	iib-
1417	10200	-sad-
1418	10200	-ay 2
1419	10201	moos
1420	10201	-kii
1421	10201	waa
1422	10201	aan 1
1423	10201	iib-
1424	10201	-sad-
1425	10201	-ay 2
1426	10202	moos
1427	10202	-kii
1428	10202	waa
1429	10202	iib-
1430	10202	-sad-
1431	10202	-ay 2
1432	10203	baabuur
1433	10203	soo
1434	10203	iib-
1435	10203	-sad-
1436	10203	-o 3
1437	10204	moos
1438	10204	soo
1439	10204	iib-
1440	10204	-sad-
1441	10204	-o 3
1442	10205	koob
1443	10205	soo
1444	10205	iib-
1445	10205	-sad-
1446	10205	-o 3
1447	10206	moos
1448	10206	-Ø 6
1449	10206	uu
1450	10206	iib-
1451	10206	-sad-
1452	10206	-n
1453	10206	doon-
1454	10206	-aa 2
1455	10207	moos
1456	10207	baa
1457	10207	uu
1458	10207	iib-
1459	10207	-sad-
1460	10207	-n
1461	10207	doon-
1462	10207	-aa 2
1463	10208	koob
1464	10208	-Ø 6
1465	10208	uu
1466	10208	iib-
1467	10208	-sad-
1468	10208	-n
1469	10208	doon-
1470	10208	-aa 2
1471	10209	koob
1472	10209	baa
1473	10209	uu
1474	10209	iib-
1475	10209	-sad-
1476	10209	-n
1477	10209	doon-
1478	10209	-aa 2
1479	10210	koob
1480	10210	-kii
1481	10210	baa
1482	10210	uu
1483	10210	iib-
1484	10210	-sad-
1485	10210	-n
1486	10210	doon-
1487	10210	-aa 2
1488	10213	soor
1489	10213	-Ø 6
1490	10213	ay
1491	10213	kar-
1492	10213	-i 3
1493	10213	-ee 2
1494	10213	-n 2
1495	10214	soor
1496	10214	baa
1497	10214	ay
1498	10214	kar-
1499	10214	-i 3
1500	10214	-ee 2
1501	10214	-n 2
1502	10215	soor
1503	10215	-tii
1504	10215	baa
1505	10215	ay
1506	10215	kar-
1507	10215	-i 3
1508	10215	-ee 2
1509	10215	-n 2
1510	10216	soor
1511	10216	-tii
1512	10216	-Ø 6
1513	10216	ay
1514	10216	kar-
1515	10216	-i 3
1516	10216	-ee 2
1517	10216	-n 2
1518	10217	soor
1519	10217	-tii
1520	10217	-Ø 6
1521	10217	aan 1
1522	10217	kar-
1523	10217	-i 3
1524	10217	-ay 2
1525	10218	soor
1526	10218	-tii
1527	10218	-Ø 6
1528	10218	aan 1
1529	10218	kar-
1530	10218	-i 3
1531	10218	-n
1532	10218	-ay 1
1533	10218	-aa 2
1534	10219	soor
1535	10219	-tii
1536	10219	baa
1537	10219	aan 1
1538	10219	kar-
1539	10219	-i 3
1540	10219	-n
1541	10219	-ay 1
1542	10219	-aa 2
1543	10220	soor
1544	10220	-Ø 6
1545	10220	aan 1
1546	10220	kar-
1547	10220	-i 3
1548	10220	-n
1549	10220	-ay 1
1550	10220	-aa 2
1551	10221	soor
1552	10221	baa
1553	10221	aan 1
1554	10221	kar-
1555	10221	-i 3
1556	10221	-n
1557	10221	-ay 1
1558	10221	-aa 2
1559	10222	soor
1560	10222	-Ø 6
1561	10222	aan 1
1562	10222	kar-
1563	10222	-i 3
1564	10222	-n
1565	10222	doon-
1566	10222	-aa 2
1567	10223	soor
1568	10223	baa
1569	10223	aan 1
1570	10223	kar-
1571	10223	-i 3
1572	10223	-n
1573	10223	doon-
1574	10223	-aa 2
1575	10224	waa
1576	10224	caadi
1577	10225	burrus
1578	10226	shaati
1579	10227	t-
1580	10227	aall-
1581	10227	-o
1582	10228	-o
1583	10229	leeb
1584	10230	seef
1585	10231	ceel
1586	10232	liin
1587	10233	jiir
1588	10234	koor
1589	10235	suul
1590	10237	go'
1591	10238	calamm-
1592	10239	mundul
1593	10240	dameer
1594	10241	xafiis
1595	10242	dukaamm-
1596	10243	warm-
1597	10244	haan
1598	10245	carruur
1599	10246	ayeey-
1600	10246	-o
1601	10247	maroodi
1602	10249	jeer 2
1603	10248	jeer 1
1604	10250	daanyeer
1605	10251	adhi
1606	10252	maqal
1607	10254	arag
1608	10254	ark-
1609	10254	-Ø 3
1610	10255	asal
1611	10256	arrin
1612	10257	xad-
1613	10257	-Ø 3
1614	10258	xarf-
1615	10259	xannaan-
1616	10259	-o
1617	10260	xabb-
1618	10260	-ad
1619	10261	dabar
1620	10262	danab
1621	10263	malaaq
1622	10264	xaak-
1623	10264	-o
1624	10266	lab
1625	10267	mar
1626	10267	mar-
1627	10267	-Ø 3
1628	10269	axdi
1629	10270	abjed
1630	10271	abley
1631	10272	abwaan
1632	10273	addin 1
1633	10274	xad
1634	10275	waa
1635	10275	diim-
1636	10276	waa
1637	10276	liin
1638	10277	waa
1639	10277	diim- 2
1640	10278	waa
1641	10278	tog
1642	10279	waa
1643	10279	boqor
1644	10280	waa
1645	10280	ri'
1646	10281	waa
1647	10281	orgi
1648	10282	kartoom-
1649	10283	bakoorad
1650	10284	ooh-
1651	10284	-i 3
1652	10284	-n
1653	10286	ookiyaal-
1654	10286	-e
1655	10287	koofi
1656	10287	-ad
1657	10288	unug
1658	10289	uumi
1659	10290	urur
1660	10291	uskag
1661	10292	durdur
1662	10293	ugaas
1663	10294	urdun
1664	10295	durdur-
1665	10295	-o
1666	10296	mugdi
1667	10297	Luul
1668	10300	xanaaq
1669	10301	xaasid
1670	10302	xayir-
1671	10302	-aad
1672	10303	darmaan
1673	10304	dahab
1674	10305	Maahir
1675	10310	mabda'
1676	10328	ammaan
1677	10333	daar-
1678	10333	-Ø 3
1679	10334	daarad
1680	10335	Daahir
1681	10336	daaqad
1682	10337	daaw-
1683	10337	-o
1684	10338	Aadan
1685	10339	aammin
1686	10341	aad 2
1687	10341	aad-
1688	10342	aaf-
1689	10342	-o
1690	10428	iimaan 1
1691	10442	iimaan 2
1692	10343	aalad
1693	10344	aadaam-
1694	10345	aabi
1695	10346	aadaab
1696	10347	aad-
1697	10347	-is
1698	10348	aadaam-
1699	10348	-id
1700	10349	aakib
1701	10350	wadaad
1702	10351	baad 2
1703	10352	baad 3
1704	10353	caad-
1705	10353	-o
1706	10354	laami
1707	10355	saanad
1708	10356	saami
1709	10357	waalli
1710	10358	ammaan 2
1711	10359	anaani
1712	10359	-o
1713	10360	hagar
1714	10360	+
1715	10360	daam- 2
1716	10361	daamur
1717	10362	baaldi
1718	10363	daac-
1719	10363	-o
1720	10364	daam-
1721	10366	edeg
1722	10367	eber
1723	10368	eray
1724	10369	edeb
1725	10370	ehel
1726	10371	ery-
1727	10371	-id
1728	10372	ibi
1729	10373	erg-
1730	10373	-o
1731	10374	eydin
1732	10375	eby-
1733	10375	-an
1734	10376	eebb-
1735	10376	-e
1736	10377	eed-
1737	10377	-sad-
1738	10377	-sh-
1739	10377	-o
1740	10378	eed-
1741	10378	-Ø 4
1744	10380	eeg-
1745	10380	-Ø 3
1746	10381	eeb-
1747	10381	-o
1748	10382	eex
1749	10770	cun-
1750	10770	-Ø 3
1751	10771	cun-
1752	10771	-a
1753	10530	dhis-
1754	10530	-Ø 3
1755	9673	hees-
1756	9673	-Ø 3
1757	9684	hel-
1758	9684	-Ø 3
1759	10533	keen-
1760	10533	-Ø 3
1761	10699	sug- 1
1762	10699	-Ø 3
1763	10700	sug- 2
1764	10700	-Ø 3
1765	9663	geed
1766	9662	shabeel
1767	9661	haramcad
1768	9660	shir
1770	9658	baad
1771	9657	baal
1772	9656	daaf
1773	9655	cad 1
1774	9654	bas
1775	9654	baa
1776	9654	aan 1
1777	9654	raac-
1778	9654	-ay 2
1779	9653	buug
1780	9653	-kii
1781	9653	baa
1782	9653	aan 1
1783	9653	soo
1784	9653	iib-
1785	9653	-sad-
1786	9653	-ay 2
1787	9652	buug
1788	9652	-ka
1789	9652	-Ø 6
1790	9652	aan 1
1791	9652	soo
1792	9652	iib-
1793	9652	-sad-
1794	9651	buug
1795	9651	ayaa
1796	9651	aan 1
1797	9651	soo
1798	9651	iib-
1799	9651	-sad-
1800	9651	-ay 2
1801	9650	buug
1802	9650	baa
1803	9650	aan 1
1804	9650	soo
1805	9650	iib-
1806	9650	-sad-
1807	9650	-ay 2
1808	9649	maxay
1809	9649	-Ø 6
1810	9649	aad
1811	9649	soo
1812	9649	iib-
1813	9649	-sad-
1814	9649	t-
1815	9649	-ay 2
1816	9648	Kismaay-
1817	9648	-o
1818	9648	ayaa
1819	9648	ay
1820	9648	aad-
1821	9648	t-
1822	9648	-ay 2
1823	9647	Kismaay-
1824	9647	-o
1825	9647	baa
1826	9647	ay
1827	9647	aad-
1828	9647	t-
1829	9647	-ay 2
1830	9646	Muqdish-
1831	9646	-o
1832	9646	baa
1833	9646	uu
1834	9646	aad-
1835	9646	-ay 2
1836	9645	Muqdish-
1837	9645	-o
1838	9645	baa
1839	9645	aan 1
1840	9645	aad-
1841	9645	-ay 2
1842	9644	Muqdish-
1843	9644	-o
1844	9644	ayaa
1845	9644	aan 1
1846	9644	aad-
1847	9644	-ay 2
1848	9643	waxaa
1849	9643	aan 1
1850	9643	aad-
1851	9643	-ay 2
1852	9643	Muqdish-
1853	9643	-o
1854	9642	afar
1855	9642	guri
1856	9641	lab-
1857	9641	-o
1858	9641	kiil-
1859	9641	-o
1860	9640	guri
1861	9640	-ka
1862	9640	Faadum-
1863	9640	-o
1864	9639	Maryan
1865	9639	guri
1866	9639	-keed
1867	9639	-ka
1868	9638	Axmed
1869	9638	guri
1870	9638	-kiis
1871	9638	-ka
1872	9637	guri
1873	9637	-ka
1874	9637	Maryan
1875	9636	guri
1876	9636	-ka
1877	9636	Axmed
1878	9635	macallim-
1879	9635	-kaas
1880	9635	cusb-
1881	9634	macallim-
1882	9634	-kaas
1883	9633	macallim-
1884	9633	-kan
1885	9633	cusb-
1886	9632	macallim-
1887	9632	-kan
1888	9631	macallim-
1889	9631	-keed
1890	9631	-ka
1891	9631	cusb-
1892	9631	ee
1893	9631	fiicn-
1894	9630	macallim-
1895	9630	-keed
1896	9630	-ka
1897	9630	cusb-
1898	9630	oo
1899	9630	fiicn-
1900	9629	macallim-
1901	9629	-keed
1902	9629	-ka
1903	9629	cusb-
1904	9628	hal 1
1905	9628	madax
1906	9628	+
1907	9628	weyn
1908	9628	-e
1909	9628	uun
1910	9628	baa
1911	9628	y-
1912	9628	-imid-
1913	9627	hal 1
1914	9627	madax
1915	9627	+
1916	9627	weyn
1917	9627	-e
1918	9626	hal 1
1919	9626	madax
1920	9626	+
1921	9626	weyn
1922	9626	-e
1923	9626	oo
1924	9589	guri
1925	9589	-ka
1926	9589	u
1927	9589	ma
1928	9589	ay
1929	9589	aan 2
1930	9589	ord-
1931	9589	-ay 1
1932	9589	-nin
1933	9588	guri
1934	9588	-ka
1935	9588	u
1936	9588	ma
1937	9588	ay
1938	9588	aan 2
1939	9588	ord-
1940	9588	-nin
1941	9587	ma
1942	9587	ord-
1943	9587	-nin
1944	9586	ma
1945	9586	ay
1946	9586	aan 2
1947	9586	ord-
1948	9586	-ay 1
1949	9586	-nin
1950	9585	waxaa
1951	9585	ay
1952	9585	u
1953	9585	ord-
1954	9585	-ay 1
1955	9585	-ee 2
1956	9585	-n 2
1957	9585	guri
1958	9585	-ka
1959	9585	mar
1960	9585	-kaas
1961	9584	guri
1962	9584	-ka
1963	9584	ayaa
1964	9584	ay
1965	9584	u
1966	9584	ord-
1967	9584	-ay 1
1968	9584	-ee 2
1969	9584	-n 2
1970	9584	mar
1971	9584	-kaas
1972	9583	guri
1973	9583	-ka
1974	9583	ayaa
1975	9583	ay
1976	9583	u
1977	9583	ord-
1978	9583	-ay 1
1979	9583	-ee 2
1980	9583	-n 2
1981	9582	mar
1982	9582	-kaas
1983	9582	ayaa
1984	9582	ay
1985	9582	guri
1986	9582	-ka
1987	9582	u
1988	9582	ord-
1989	9582	-ay 1
1990	9582	-ee 2
1991	9582	-n 2
1992	9581	mar
1993	9581	-kaas
1994	9581	ayaa
1995	9581	ay
1996	9581	guri
1997	9581	-ka
1998	9581	u
1999	9581	ord-
2000	9581	-ee 2
2001	9581	-n 2
2002	9580	waa
2003	9580	ay
2004	9580	ord-
2005	9580	-ay 1
2006	9580	-ee 2
2007	9580	-n 2
2008	9579	waa
2009	9579	ay
2010	9579	ord-
2011	9579	-ee 2
2012	9579	-n 2
2013	9578	wax
2014	9578	-ba
2015	9578	ma
2016	9578	samee-
2017	9578	-n
2018	9578	-ay 1
2019	9578	-aa 4
2020	9578	-n 2
2021	9577	wax
2022	9577	-ba
2023	9577	samee-
2024	9577	-n
2025	9577	ma
2026	9577	-ay 1
2027	9577	-aa 4
2028	9577	-n 2
2029	9576	dugsi
2030	9576	-ka
2031	9576	u
2032	9576	ma
2033	9576	ord-
2034	9576	-ay 1
2035	9576	-aa 4
2036	9576	-n 2
2037	9575	ma
2038	9575	u
2039	9575	ord-
2040	9575	-ay 1
2041	9575	-aa 4
2042	9575	-n 2
2043	9575	dugsi
2044	9575	-ka
2045	9574	u
2046	9574	ma
2047	9574	ord-
2048	9574	-ay 1
2049	9574	-aa 4
2050	9574	-n
2051	9574	dugsi
2052	9574	-ka
2053	9573	wax
2054	9573	waa
2055	9573	ay
2056	9573	samee-
2057	9573	-n
2058	9573	-ay 1
2059	9573	-aa 2
2060	9573	-n 2
2061	9572	ma
2062	9572	ay
2063	9572	aan 2
2064	9572	ord-
2065	9572	-nin
2066	9570	ma
2067	9570	ord-
2068	9570	-ay 1
2069	9570	-aa 4
2070	9570	-n 2
2071	9569	dugsi
2072	9569	-ka
2073	9569	ayaa
2074	9569	ay
2075	9569	u
2076	9569	ord-
2077	9569	-ay 1
2078	9569	-aa 2
2079	9569	-n 2
2080	9568	waxaa
2081	9568	ay
2082	9568	u
2083	9568	ord-
2084	9568	-ay 2
2085	9568	-aa 2
2086	9568	-n 2
2087	9568	dugsi
2088	9568	-ka
2089	9567	waxaa
2090	9567	ay
2091	9567	u
2092	9567	ord-
2093	9567	-ay 1
2094	9567	-aa 2
2095	9567	-n 2
2096	9567	iskuul
2097	9567	-ka
2098	9566	waa
2099	9566	ay
2100	9566	ord-
2101	9566	-ay 1
2102	9566	-aa 2
2103	9566	-n 2
2104	9565	waa
2105	9565	ay
2106	9565	ord-
2107	9565	-i 2
2108	9565	doon-
2109	9565	-aa 2
2110	9565	-n 2
2111	9564	waa
2112	9564	ay
2113	9564	ord-
2114	9564	-i
2115	9564	leh
2116	9564	-aa 3
2117	9564	-ee 2
2118	9564	-n 2
2119	10558	waa
2120	10558	uu
2121	10558	tag-
2122	10558	-i 2
2123	10558	leh
2124	10558	-aa 3
2125	10559	waa
2126	10559	uu
2127	10559	-imaad-
2128	10559	-n
2129	10559	leh
2130	10559	-aa 3
2131	10793	waa
2132	10793	aan 1
2133	10793	sheeg-
2134	10793	-i 2
2135	10793	leh
2136	10793	-aa 3
2137	10794	waa
2138	10794	aan 1
2139	10794	qod-
2140	10794	-i 2
2141	10794	leh
2142	10794	-aa 3
2143	10795	waa
2144	10795	aan 1
2145	10795	bood-
2146	10795	-i 2
2147	10795	leh
2148	10795	-aa 3
2149	10796	waa
2150	10796	aan 1
2151	10796	tus-
2152	10796	-i 2
2153	10796	leh
2154	10796	-aa 3
2155	10797	waa
2156	10797	aan 1
2157	10797	cabb-
2158	10797	-i 2
2159	10797	leh
2160	10797	-aa 3
2161	10798	waa
2162	10798	aan 1
2163	10798	ark-
2164	10798	-i 2
2165	10798	leh
2166	10798	-aa 3
2167	9666	duul- 2
2168	9666	-ay 1
2169	9666	-a 2
2170	9667	caws
2171	9668	doog 1
2172	9669	jiir
2173	9670	doolli
2174	9671	jeeb
2175	9672	hees
2176	9674	hees-
2177	9674	-Ø 5
2178	9675	hees
2179	9675	-ta
2180	9676	bal
2181	9676	hees-
2182	9676	-a
2183	9677	bal
2184	9677	hees-
2185	9677	-Ø 3
2186	9678	gacm-
2187	9679	far
2188	9680	shimbir
2189	9685	camb-
2190	9685	-e
2191	9686	bas
2192	9687	kab
2193	9688	kursi
2194	9689	muus
2195	9690	illm-
2196	9691	waa
2197	9691	illin 1
2198	9692	ma?
2199	9692	illin 1
2200	9692	baa
2201	9693	waa
2202	9693	illm-
2203	9694	ma?
2204	9694	illm-
2205	9694	baa
2206	9695	koob
2207	9698	iib-
2208	9698	-sad-
2209	9698	-Ø 3
2210	9698	gaari 1
2211	9699	gaari 1
2212	9699	iib-
2213	9699	-sad-
2214	9699	-Ø 3
2215	9700	gaari 1
2216	9700	soo
2217	9700	iib-
2218	9700	-sad-
2219	9700	-Ø 3
2220	9702	gaari 1
2221	9702	-kii
2222	9702	waa
2223	9702	iib-
2224	9702	-sad-
2225	9702	-ay 2
2226	9703	gaari 1
2227	9703	-kii
2228	9703	waa
2229	9703	aan 1
2230	9703	iib-
2231	9703	-sad-
2232	9703	-ay 2
2233	9704	gaari 1
2234	9704	-ka
2235	9704	-Ø 6
2236	9704	aan 1
2237	9704	iib-
2238	9704	-sad-
2239	9704	-ay 2
2240	9706	waa
2241	9706	uu
2242	9706	hees-
2243	9706	-ay 2
2244	9707	waa
2245	9707	gacm-
2246	9708	waa
2247	9708	hees
2248	9709	waa
2249	9709	geed
2250	9710	waa
2251	9710	hilb-
2252	9711	waa
2253	9711	jiir
2254	9712	waa
2255	9712	doolli
2256	9713	waa
2257	9713	toos-
2258	9713	-aa 2
2259	9714	waa
2260	9714	kac-
2261	9714	-aa 2
2262	9715	waa
2263	9715	taag-
2264	9715	-aa 2
2265	9716	joog-
2266	9716	-aa 2
2267	9717	waa
2268	9717	joog-
2269	9717	-aa 2
2270	9718	waa
2272	9718	ku
2273	9718	fiiri-
2274	9719	waa
2275	9719	aan 1
2277	9719	ku
2278	9719	fiiri-
2279	9720	waa
2280	9720	fiiri-
2281	9720	-aa 2
2282	9721	waa
2284	9721	ku
2285	9721	sug- 1
2286	9722	waa
2287	9722	sug- 1
2288	9722	-aa 2
2289	9723	waa
2290	9723	tuur-
2291	9723	-aa 2
2292	9724	waa
2294	9724	ku
2295	9724	tuur-
2296	9725	waa
2297	9725	rid-
2298	9727	waa
2300	9727	ku
2301	9727	rid-
2302	9856	waa
2303	9856	la
2304	9856	rid-
2305	9856	-ay 2
2306	9858	la
2307	9858	rid-
2308	9858	-ay 2
2309	9725	-aa 2
2310	9728	waa
2311	9728	cun-
2312	9728	-aa 2
2313	9729	waa
2314	9729	cabb-
2315	9729	-aa 2
2316	9732	bood-
2317	9732	-aa 2
2318	9733	waa
2319	9733	bood-
2320	9733	-aa 2
2321	9735	waa
2322	9735	cun-
2323	9735	-ay 2
2324	9736	waa
2325	9736	cun-
2326	9736	-ay 1
2327	9736	-aa 2
2328	9737	surwaal
2329	9738	surwaal
2330	9738	-o 2
2331	9739	ma?
2332	9739	habeen
2333	9739	baa
2334	9740	koofi
2335	9741	ma?
2336	9741	koofi
2337	9741	baa
2338	9742	ma?
2339	9742	qorrax
2340	9742	baa
2341	9743	ma?
2342	9743	rooti
2343	9743	baa
2344	9744	ma?
2345	9744	tog
2346	9744	baa
2347	9745	tog
2348	9746	ma?
2349	9746	lug
2350	9746	baa
2351	9747	ma?
2352	9747	surwaal
2353	9747	baa
2354	9748	ma?
2355	9748	suum-
2356	9748	baa
2357	10803	suum-
2358	10803	-ka
2359	10831	suum-
2360	10831	-kaa
2361	10831	-ka
2362	9749	ma?
2363	9749	shabeel
2364	9749	baa
2365	9750	ma?
2366	9750	dibi
2367	9750	baa
2368	9751	ma?
2369	9751	daaf
2370	9751	baa
2371	9752	ma?
2372	9752	gacm-
2373	9752	baa
2374	9753	ma?
2375	9753	libaax
2376	9753	baa
2377	9754	waa
2378	9754	shir
2379	9755	waa
2380	9755	libaax
2381	9756	libaax
2382	9757	waa
2383	9757	san 1
2384	9758	waa
2385	9758	webi
2386	9759	waa
2387	9759	lug
2388	9760	waa
2389	9760	rooti
2390	9761	waa
2391	9761	cad 1
2392	9762	waa
2393	9762	moos
2394	9763	waa
2395	9763	kayn
2396	9764	toos-
2397	9764	-Ø 3
2398	9765	waa
2400	9765	ku
2401	9765	bood-
2402	9766	waa
2404	9766	ku
2405	9766	bood-
2406	9767	waa
2407	9767	ark-
2408	9767	-aa 2
2409	9768	ark-
2410	9768	-aa 2
2411	9769	waa
2413	9771	waa
2414	9771	y-
2415	9771	-imid-
2416	9772	y-
2417	9772	-imid-
2418	9773	waa
2419	9773	t-
2420	9773	-imid-
2421	9774	t-
2422	9774	-imid-
2423	9775	waa
2424	9775	bood-
2425	9775	-ay 1
2426	9775	-aa 2
2427	9776	waa
2428	9776	cabb-
2429	9776	-ay 1
2430	9776	-aa 2
2431	9777	waa
2432	9777	fiiri-
2433	9777	-n
2434	9777	-ay 1
2435	9777	-aa 2
2436	9778	waa
2437	9778	joog-
2438	9778	-ay 1
2439	9778	-aa 2
2440	9779	waa
2441	9779	sug- 1
2442	9779	-ay 1
2443	9779	-aa 2
2444	9780	waa
2445	9780	hel-
2446	9780	-ay 1
2447	9780	-aa 2
2448	9781	waa
2449	9781	hel-
2450	9781	-aa 2
2451	9782	hel-
2452	9782	-ay 1
2453	9782	-aa 2
2454	9783	cun-
2455	9783	-ay 1
2456	9783	-aa 2
2457	9784	waa
2458	9784	eeg-
2459	9784	-aa 2
2460	9785	waa
2461	9785	eeg-
2462	9785	-ay 1
2463	9785	-aa 2
2464	9786	eeg-
2465	9786	-aa 2
2466	9787	eeg-
2467	9787	-ay 1
2468	9787	-aa 2
2469	9788	ee
2470	9789	waa
2471	9789	eeg-
2472	9789	-i 2
2473	9789	doon-
2474	9789	-aa 2
2475	9790	eeg-
2476	9790	-i 2
2477	9791	waa
2478	9791	taag-
2479	9791	-ay 1
2480	9791	-aa 2
2481	9792	bax-
2482	9792	-ay 1
2483	9792	-aa 2
2484	9793	tag-
2485	9793	-ay 1
2486	9793	-aa 2
2487	9795	waa
2488	9795	aan 1
2489	9795	tag-
2490	9795	-ay 1
2491	9795	-aa 2
2492	9796	tus-
2493	9796	-ay 1
2494	9796	-aa 2
2495	9797	sug- 1
2496	9797	-ay 2
2497	9798	waa
2498	9798	sug- 1
2499	9798	-ay 2
2500	9799	sug- 1
2501	9799	-id
2502	9800	waa
2503	9800	fiiri-
2504	9800	-ay 2
2505	9801	waa
2506	9801	cabb-
2507	9801	-ay 2
2508	9802	waa
2509	9802	bood-
2510	9802	-ay 2
2511	9803	waa
2512	9803	kac-
2513	9803	-ay 2
2514	9804	waa
2515	9804	toos-
2516	9804	-ay 2
2517	9805	waa
2518	9805	sug- 1
2519	9805	-ee 2
2520	9805	-n 2
2521	9806	waa
2522	9806	fiiri-
2523	9806	-ee 2
2524	9806	-n 2
2525	9807	waa
2526	9807	bood-
2527	9807	-ee 2
2528	9807	-n 2
2529	9808	waa
2530	9808	dhis-
2531	9808	-ee 2
2532	9808	-n 2
2533	9809	waa
2534	9809	hel-
2535	9809	-ee 2
2536	9809	-n 2
2537	9810	waa
2538	9810	joog-
2539	9810	-ee 2
2540	9810	-n 2
2541	9811	waa
2542	9811	tus-
2543	9811	-ee 2
2544	9811	-n 2
2545	9812	waa
2546	9812	taag-
2547	9812	-ee 2
2548	9812	-n 2
2549	9813	taag-
2550	9813	-ee 2
2551	9813	-n 2
2552	9814	tus-
2553	9814	-ee 2
2554	9814	-n 2
2555	9815	berber-
2556	9815	-a 3
2557	9815	baa
2558	9815	uu
2559	9815	tag-
2560	9815	-ay 2
2561	9816	berber-
2562	9816	-a 3
2563	9816	baa
2564	9816	uu
2565	9816	tag-
2566	9816	-ay 2
2567	9818	berber-
2568	9818	-a 3
2569	9818	baa
2570	9818	uu
2571	9818	y-
2572	9818	-imid-
2573	9817	berber-
2574	9817	-a 2
2575	9817	baa
2576	9817	uu
2577	9817	tag-
2578	9817	-ay 2
2579	9819	berber-
2580	9819	-a 3
2581	9819	-Ø 6
2582	9819	uu
2583	9819	y-
2584	9819	-imid-
2585	9820	berber-
2586	9820	-a 3
2587	9823	mooy-
2588	9823	-e
2589	9824	aabb-
2590	9824	-e
2591	9824	-yaal
2592	9825	ha 1
2593	9825	t-
2594	9825	-imaad-
2595	9825	-t
2596	9825	-o 5
2597	9939	laam-
2598	9939	-o 2
2599	9939	-kan
2600	9876	af
2601	9876	-kan
2602	9877	cad 1
2603	9877	-kan
2604	9892	libaax
2605	9892	-kan
2606	9893	laam-
2607	9893	-tan
2608	10565	beer 2
2609	10565	-tii
2610	10565	ma?
2611	10565	iib-
2612	10565	-sad-
2613	10565	-t
2614	10565	-ay 2
2615	10566	beer 2
2616	10566	-tii
2617	10566	ma?
2618	10566	soo
2619	10566	iib-
2620	10566	-sad-
2621	10566	-t
2622	10566	-ay 2
2623	10574	diim-
2624	10574	-taas
2625	10575	diim- 2
2626	10575	-kaas
2627	10576	bir
2628	10576	-taas
2629	10577	nirg-
2630	10577	-taas
2631	10578	nirg-
2632	10578	-kaas
2633	10579	aqal
2634	10579	-kaas
2635	10580	olol
2636	10580	-kaas
2637	10581	laf
2638	10581	-taas
2639	10582	neef 1
2640	10582	-kaas
2641	10671	reer
2642	10671	-kaas
2643	10672	reer
2644	10672	-kaas
2645	10810	hunguri
2646	10810	-kaas
2647	10811	hunguri
2648	10811	-kaas
2649	10815	dul 1
2650	10815	-kaas
2651	10816	af
2652	10816	-kaas
2653	10817	dheg
2654	10817	-taas
2655	10818	kab
2656	10818	-taas
2657	10819	geed
2658	10819	-kaas
2659	10821	shir
2660	10821	-kaas
2661	10822	hilb-
2662	10822	-kaas
2663	10823	hilb-
2664	10823	-kaas
2665	9943	laam-
2666	9943	-o 2
2667	9943	-kaa
2668	9943	-kaas
2669	10812	rag
2670	10812	-kaas
2671	10813	rag
2672	10813	-kaas
2673	10820	dad
2674	10820	-kaas
2675	9600	wiil
2676	9600	-ka
2677	9600	ord-
2678	9600	-ay 1
2679	9600	-a 2
2680	9600	waa
2681	9600	walaal
2682	9600	-kay
2683	9878	af
2684	9878	-kay
2685	9878	-ka
2686	9879	cad 1
2687	9879	-kay
2688	9879	-ka
2689	9906	laam-
2690	9906	-tay
2691	9906	-ta
2692	9880	af
2693	9880	-kaa
2694	9880	-ka
2695	9881	cad 1
2696	9881	-kaa
2697	9881	-ka
2698	9894	laam-
2699	9894	-taa
2700	9894	-ta
2701	9895	libaax
2702	9895	-kaa
2703	9895	-ka
2704	9942	laam-
2705	9942	-o 2
2706	9942	-kaa
2707	9942	-ka
2708	10517	eeg-
2709	10517	-ad-
2710	10517	-o 3
2711	10705	dhis-
2712	10705	-sad-
2713	10705	-o 3
2714	10706	shanl-
2715	10706	-ee-
2716	10706	-sad-
2717	10706	-o 3
2718	10707	feer-
2719	10707	-ad-
2720	10707	-o 3
2721	10708	dub-
2722	10708	-ad-
2723	10708	-o 3
2724	10824	shir
2725	10824	-kaa
2726	10824	-ka
2727	10825	hilb-
2728	10825	-kaa
2729	10825	-ka
2730	10826	kab
2731	10826	-taa
2732	10826	-ta
2733	10827	gacm-
2734	10827	-taa
2735	10827	-ta
2736	10828	dul 1
2737	10828	-kaa
2738	10828	-ka
2739	10829	qosl-
2740	10829	-kaa
2741	10829	-ka
2742	10830	tuug
2743	10830	-kaa
2744	10830	-ka
2745	10832	surwaal
2746	10832	-o 2
2747	10832	-kaa
2748	10832	-ka
2749	10833	surwaal
2750	10833	-kaa
2751	10833	-ka
2752	10834	kuul
2753	10834	-taa
2754	10834	-ta
2755	10835	geed
2756	10835	-kaa
2757	10835	-ka
2758	10836	wiil
2759	10836	-kaa
2760	10836	-ka
2761	10837	guul
2762	10837	-taa
2763	10837	-ta
2764	10838	roob
2765	10838	-kaa
2766	10838	-ka
2767	10839	wiil
2768	10839	-aC
2769	10839	-taa
2770	10839	-ta
2771	10389	ehel
2772	10389	-kiis
2773	10389	-ka
2774	9884	af
2775	9884	-keed
2776	9884	-ka
2777	9885	cad 1
2778	9885	-keed
2779	9885	-ka
2780	9886	af
2781	9886	-keen
2782	9886	-ka
2783	9887	cad 1
2784	9887	-keen
2785	9887	-ka
2786	9888	cad 1
2787	9888	-kayo
2788	9888	-ka
2789	9889	af
2790	9889	-kayo
2791	9889	-ka
2792	9882	af
2793	9882	-kood
2794	9882	-ka
2795	9883	cad 1
2796	9883	-kood
2797	9883	-ka
2798	9896	libaax
2799	9896	-kood
2800	9896	-ka
2801	9897	laam-
2802	9897	-tood
2803	9897	-ta
2804	9898	kooda
2805	9899	wax
2806	9899	-kood
2807	9899	-ka
2808	9901	tooda
2809	9902	kuwooda
2810	10390	ehel
2811	10390	-kood
2812	10390	-ka
2813	9857	waa
2814	9857	la
2815	9857	dhis-
2816	9857	-ay 2
2817	9861	waa
2818	9861	la
2819	9861	joog-
2820	9861	-ay 2
2821	9862	waa
2822	9862	la
2823	9862	sug- 1
2824	9862	-ay 2
2825	9863	waa
2826	9863	la
2827	9863	cabb-
2828	9863	-ay 2
2829	9864	waa
2830	9864	la
2831	9864	bood-
2832	9864	-ay 2
2833	9866	waa
2834	9866	la
2835	9866	tus-
2836	9866	-ay 2
2837	9867	waa
2838	9867	la
2839	9867	hel-
2840	9867	-ay 2
2841	9868	waa
2842	9868	la
2843	9868	fiiri-
2844	9868	-ay 2
2845	9869	waa
2846	9869	la
2847	9869	sug- 2
2848	9869	-ay 2
2849	10463	waa
2850	10463	olol
2851	10464	waa
2852	10464	dood-
2853	10525	waa
2854	10525	aan 1
2855	10525	eeg-
2856	10525	-ay 2
2857	10537	waa
2858	10537	saam-
2859	10537	fard-
2860	10538	waa
2861	10538	saam-
2862	10538	dibi
2863	10539	waa
2864	10539	fard-
2865	10541	waa
2866	10541	dibi
2867	10562	waa
2868	10562	aad
2869	10562	iib-
2870	10562	-sad-
2871	10562	-t
2872	10562	-ay 2
2873	10604	waax
2874	10605	waax
2875	10605	-o 2
2876	10627	waa
2877	10627	baal
2878	10628	waa
2879	10628	baal
2880	10628	-aC
2881	10629	waa
2882	10629	waax
2883	10630	waa
2884	10630	waax
2885	10630	-o 2
2886	10631	waa
2887	10631	raad
2888	10632	waa
2889	10632	raad
2890	10632	-aC
2891	10633	waa
2892	10633	laam-
2893	10634	waa
2894	10634	laam-
2895	10634	-o 2
2896	10635	waa
2897	10635	laf
2898	10636	waa
2899	10636	cad 1
2900	10637	waa
2901	10637	cad 1
2902	10637	-aC
2903	10638	waa
2904	10638	tog
2905	10638	-aC
2906	10639	waa
2907	10639	lo'
2908	10640	waa
2909	10640	cod
2910	10641	waa
2911	10641	food
2912	10642	waa
2913	10642	luul 2
2914	10642	-aC
2915	10643	waa
2916	10643	luul 2
2917	10644	waa
2918	10644	silis
2919	10645	waa
2920	10645	kuul
2921	10646	waa
2922	10646	suul
2923	10680	waa
2924	10680	aan 1
2925	10680	ark-
2926	10680	-aa 2
2927	10681	waa
2928	10681	aan 1
2929	10681	aad-
2930	10681	-ay 1
2931	10681	-aa 2
2932	10682	waa
2933	10682	aan 1
2934	10682	aad-
2935	10682	-aa 2
2936	10683	waa
2937	10683	aan 1
2938	10683	ark-
2939	10683	-ay 1
2940	10683	-aa 2
2941	10685	waa
2942	10685	aan 1
2943	10685	taag-
2944	10685	-ay 1
2945	10685	-aa 2
2946	10686	waa
2947	10686	aan 1
2948	10686	taag-
2949	10686	-aa 2
2950	10687	waa
2951	10687	aan 1
2952	10687	gaadh-
2953	10687	-aa 2
2954	10688	waa
2955	10688	aan 1
2956	10688	gaadh-
2957	10688	-aa 2
2958	10689	waa
2959	10689	aan 1
2960	10689	gaadh-
2961	10689	-ay 1
2962	10689	-aa 2
2963	10690	waa
2964	10690	aan 1
2965	10690	raac-
2966	10690	-ay 1
2967	10690	-aa 2
2968	10691	waa
2969	10691	aan 1
2970	10691	raac-
2971	10691	-ay 1
2972	10691	-aa 2
2973	10693	waa
2974	10693	aan 1
2975	10693	sheeg-
2976	10693	-aa 2
2977	10694	waa
2978	10694	aan 1
2979	10694	sheeg-
2980	10694	-ay 1
2981	10694	-aa 2
2982	10702	waa
2983	10702	aan 1
2984	10702	sug- 1
2985	10702	-i 2
2986	10702	doon-
2987	10702	-aa 2
2988	10703	waa
2989	10703	aan 1
2990	10703	bood-
2991	10703	-i 2
2992	10703	doon-
2993	10703	-aa 2
2994	10704	waa
2995	10704	aan 1
2996	10704	gaadh-
2997	10704	-i 2
2998	10704	doon-
2999	10704	-aa 2
3000	10709	waa
3001	10709	baad 2
3002	10710	waa
3003	10710	baad
3004	10711	waa
3005	10711	baad
3006	10711	-aC
3007	10712	waa
3008	10712	kab
3009	10713	waa
3010	10713	shabeel
3011	10714	waa
3012	10714	rooti
3013	10715	waa
3014	10715	libaax
3015	10715	-o 2
3016	10716	waa
3017	10716	rooti
3018	10716	-yaal
3019	10717	waa
3020	10717	rooti
3021	10717	-o 2
3022	10729	waa
3023	10729	cun-
3024	10729	-t
3025	10729	-aa 2
3026	10730	waa
3027	10730	cabb-
3028	10730	-t
3029	10730	-aa 2
3030	10731	waa
3031	10731	la
3032	10731	qod-
3033	10731	-aa 2
3034	10732	waa
3035	10732	la
3036	10732	cabb-
3037	10732	-aa 2
3038	10733	waa
3039	10733	la
3040	10733	cun-
3041	10733	-aa 2
3042	10734	waa
3043	10734	la
3044	10734	bood-
3045	10734	-aa 2
3046	10735	waa
3047	10735	la
3048	10735	y-
3049	10735	-imid-
3050	10736	waa
3051	10736	aan 1
3052	10736	ku 2
3053	10736	sug- 1
3054	10736	-ay 2
3055	10737	waa
3056	10737	aan 1
3057	10737	ku 2
3058	10737	sug- 1
3059	10737	-ay 1
3060	10737	-ay 2
3061	10738	waa
3062	10738	aan 1
3063	10738	sug- 1
3064	10738	-ay 2
3065	10739	waa
3066	10739	aan 1
3067	10739	cabb-
3068	10739	-ay 2
3069	10740	waa
3070	10740	aan 1
3071	10740	ark-
3072	10740	-ay 2
3073	10741	waa
3074	10741	aan 1
3075	10741	bood-
3076	10741	-ay 2
3077	10742	waa
3078	10742	aan 1
3079	10742	kac-
3080	10742	-ay 2
3081	10743	waa
3082	10743	aan 1
3083	10743	is
3084	10743	taag-
3085	10743	-ay 2
3086	10744	waa
3087	10744	aad
3088	10744	sug- 1
3089	10744	-t
3090	10744	-ee 2
3091	10744	-n 2
3092	10745	waa
3093	10745	aad
3094	10745	cabb-
3095	10745	-t
3096	10745	-ee 2
3097	10745	-n 2
3098	10746	waa
3099	10746	aad
3100	10746	bood-
3101	10746	-t
3102	10746	-ee 2
3103	10746	-n 2
3104	10747	waa
3105	10747	aad
3106	10747	kac-
3107	10747	-t
3108	10747	-ee 2
3109	10747	-n 2
3110	10748	waa
3111	10748	aad
3112	10748	is
3113	10748	taag-
3114	10748	-t
3115	10748	-ee 2
3116	10748	-n 2
3117	10749	waa
3118	10749	aad
3119	10749	ark-
3120	10749	-t
3121	10749	-ee 2
3122	10749	-n 2
3123	10789	waa
3124	10789	aan 1
3125	10789	qod-
3126	10789	-i 2
3127	10789	doon-
3128	10789	-aa 2
3129	10790	waa
3130	10790	aan 1
3131	10790	tus-
3132	10790	-i 2
3133	10790	doon-
3134	10790	-aa 2
3135	10791	waa
3136	10791	aan 1
3137	10791	ark-
3138	10791	-i 2
3139	10791	doon-
3140	10791	-aa 2
3141	10805	waa
3142	10805	aan 1
3143	10805	gur-
3144	10805	-i 3
3145	10589	baaldi
3146	10589	-o 2
3147	10601	baal
3148	10601	-aC
3149	10602	baal
3150	10602	baad
3151	10603	baal
3152	10603	raad
3153	10648	ma?
3154	10648	dul 1
3155	10648	baa
3156	10650	ma?
3157	10650	geed
3158	10650	baa
3159	10652	ma?
3160	10652	geel
3161	10652	baa
3162	10654	ma?
3163	10654	ceel
3164	10654	baa
3165	10656	ma?
3166	10656	reer
3167	10656	baa
3168	10658	ma?
3169	10658	bad
3170	10658	baa
3171	10660	ma?
3172	10660	cad 1
3173	10660	baa
3174	10718	ma?
3175	10718	baad
3176	10718	baa
3177	10719	ma?
3178	10719	baal
3179	10719	baa
3180	10720	ma?
3181	10720	hilb-
3182	10720	baa
3183	10721	ma?
3184	10721	kab
3185	10721	baa
3186	10722	ma?
3187	10722	shabeel
3188	10722	baa
3189	10761	ma?
3190	10761	magaal-
3191	10761	-o
3192	10761	-oyin
3193	10763	ma?
3194	10763	cun-
3195	10763	-t- 1
3196	10763	-o
3197	10763	-oyin
3198	10763	baa
3199	10768	ma?
3200	10768	tir-
3201	10768	-o
3202	10768	-oyin
3203	10768	baa
3204	10522	waa
3205	10522	uu
3206	10522	eeg-
3207	10522	-ay 1
3208	10522	-aa 2
3209	10523	waa
3210	10523	uu
3211	10523	eeg-
3212	10523	-ay 1
3213	10523	-ay 2
3214	10524	waa
3215	10524	uu
3216	10524	eeg-
3217	10524	-ay 2
3218	10673	waa
3219	10673	uu
3220	10673	og
3221	10673	y-
3222	10673	ah
3223	10673	-ay 3
3224	10675	waa
3225	10675	uu
3226	10675	yar
3227	10675	y-
3228	10675	ah
3229	10675	-ay 3
3230	10677	waa
3231	10677	uu
3232	10677	weyn
3233	10677	y-
3234	10677	ah
3235	10677	-ay 3
3236	10723	waa
3237	10723	uu
3238	10723	cabb-
3239	10723	-aa 2
3240	10724	waa
3241	10724	uu
3242	10724	qod-
3243	10724	-ay 1
3244	10724	-aa 2
3245	10725	waa
3246	10725	uu
3247	10725	qod-
3248	10725	-aa 2
3249	10726	waa
3250	10726	uu
3251	10726	bood-
3252	10726	-ay 1
3253	10726	-aa 2
3254	10727	waa
3255	10727	uu
3256	10727	y-
3257	10727	-imid-
3258	9848	waa
3259	9848	ay
3260	9848	sug- 1
3261	9848	-t
3262	9848	-aa 2
3263	9850	waa
3264	9850	ay
3265	9850	joog-
3266	9850	-t
3267	9850	-aa 2
3268	9851	waa
3269	9851	ay
3270	9851	tus-
3271	9851	-t
3272	9851	-aa 2
3273	9852	waa
3274	9852	ay
3275	9852	bood-
3276	9852	-t
3277	9852	-aa 2
3278	9853	waa
3279	9853	ay
3280	9853	sheeg-
3281	9853	-t
3282	9853	-aa 2
3283	9854	waa
3284	9854	ay
3285	9854	sheeg-
3286	9854	-t
3287	9854	-ay 2
3288	9855	waa
3289	9855	ay
3290	9855	t-
3291	9855	-iri-
3292	9870	waa
3293	9870	ay
3294	9870	sug- 2
3295	9870	-t
3296	9870	-aa 2
3297	10521	waa
3298	10521	ay
3299	10521	eeg-
3300	10521	-ay 1
3301	10521	-t
3302	10521	-aa 2
3303	10526	waa
3304	10526	ay
3305	10526	eeg-
3306	10526	-ee 2
3307	10526	-n 2
3308	10674	waa
3309	10674	ay
3310	10674	og
3311	10674	t-
3312	10674	ah
3313	10674	-ay 3
3314	10676	waa
3315	10676	ay
3316	10676	yar
3317	10676	t-
3318	10676	ah
3319	10676	-ay 3
3320	10678	waa
3321	10678	ay
3322	10678	weyn
3323	10678	t-
3324	10678	ah
3325	10678	-ay 3
3326	10679	waa
3327	10679	ay
3328	10679	weyn
3329	10679	y-
3330	10679	ah
3331	10679	-ii
3332	10679	-n 2
3333	10750	waa
3334	10750	ay
3335	10750	cun-
3336	10750	-ay 2
3337	10750	-t
3338	10750	-aa 2
3339	10751	waa
3340	10751	ay
3341	10751	fiiri-
3342	10751	-n
3343	10751	-ay 1
3344	10751	-t
3345	10751	-aa 2
3346	10752	waa
3347	10752	ay
3348	10752	socd-
3349	10752	-n
3350	10752	-ay 1
3351	10752	-t
3352	10752	-aa 2
3353	10752	
3354	10753	waa
3355	10753	ay
3356	10753	tag-
3357	10753	-ay 1
3358	10753	-t
3359	10753	-aa 2
3360	10754	waa
3361	10754	ay
3362	10754	qod-
3363	10754	-ay 1
3364	10754	-t
3365	10754	-aa 2
3366	10807	waa
3367	10807	ay
3368	10807	guri
3369	10807	-ee-
3370	10807	-n
3371	10807	-ay 1
3372	10807	-aa 2
3373	10807	-n 2
3374	10560	berber-
3375	10560	-a 3
3376	10560	baa
3377	10560	uu
3378	10560	qab-
3379	10560	-ad-
3380	10560	-ay 2
3381	10758	berber-
3382	10758	-a 3
3383	10758	baa
3384	10758	uu
3385	10758	tag-
3386	10758	-ay 1
3387	10758	-aa 2
3388	10757	berber-
3389	10757	-a
3390	10757	ayaa
3391	10757	uu
3392	10757	tag-
3393	10757	-ay 1
3394	10757	-aa 2
3395	10760	berber-
3396	10760	-a 3
3397	10760	ayaa
3398	10760	uu
3399	10760	y-
3400	10760	-imid-
3401	10692	waxaa
3402	10692	aan 1
3403	10692	sheeg-
3404	10692	-ay 1
3405	10692	-aa 2
3406	10755	waxaa
3407	10755	uu
3408	10755	aad-
3409	10755	-ay 2
3410	10755	berber-
3411	10755	-a 3
3412	10756	waxaa
3413	10756	uu
3414	10756	tag-
3415	10756	-ay 1
3416	10756	-aa 2
3417	10756	berber-
3418	10756	-a 3
3419	10759	berber-
3420	10759	-a 3
3421	10759	baa
3422	10759	uu
3423	10759	tag-
3424	10759	-ay 1
3425	10759	-aa 2
3426	10762	ma?
3427	10762	cun-
3428	10762	-t- 1
3429	10762	-o
3430	10762	baa
3431	10764	lambar
3432	10765	tir-
3433	10765	-o
3434	10766	ma?
3435	10766	tir-
3436	10766	-o
3437	10766	baa
3438	10767	tir-
3439	10767	-o
3440	10767	-oyin
3441	10769	ma?
3442	10769	surwaal
3443	10769	-o 2
3444	10769	baa
3445	10774	cabb-
3446	10774	-a
3447	10775	bood-
3448	10775	-Ø 3
3449	10776	bood-
3450	10776	-a
3451	10777	is
3452	10777	taag-
3453	10777	-Ø 3
3454	10778	is
3455	10778	taag-
3456	10778	-a
3457	10779	joog-
3458	10779	-Ø 3
3459	10780	joog-
3460	10780	-a
3461	10781	tus-
3462	10781	-Ø 3
3463	10782	tus-
3464	10782	-a
3465	10783	sug- 1
3466	10783	-a
3467	10784	fiiri-
3468	10784	-n
3469	10785	sheeg-
3470	10785	-ee-
3471	10785	-n
3472	10786	warram-
3473	10786	-a
3474	10787	qod-
3475	10787	-Ø 3
3476	10788	sheeg-
3477	10788	-Ø 3
3478	10792	ark-
3479	10792	-Ø 3
3480	10799	luqad
3481	10799	-tee
3482	10800	hal 2
3483	10800	-kee
3484	10801	laf
3485	10801	-tee
3486	10802	rooti
3487	10802	-kee
3488	10804	kab
3489	10804	-ta
3490	10806	guri
3491	10806	-ee-
3492	10806	-n
3493	10808	wasiir
3494	10808	-ka
3495	10808	guri
3496	10808	-ee-
3497	10808	-n
3498	10808	-ta
3499	10809	hunguri
3500	10684	ord-
3501	10684	-aa 2
3502	10518	ha 1
3503	10518	eeg-
3504	10518	-o 5
3505	10519	ha 1
3506	10519	eeg-
3507	10519	-t
3508	10519	-o 5
3509	10520	soo
3510	10520	eeg-
3511	10520	-Ø 3
3512	10527	hees-
3513	10527	-ay 1
3514	10527	aa 2
3515	10531	dhis-
3516	10531	-Ø 5
3517	10532	hel-
3518	10532	-Ø 5
3519	10534	keen-
3520	10534	-Ø 5
3521	10535	saam-
3522	10536	saam-
3523	10536	fard-
3524	10542	libaax
3525	10542	ma?
3526	10542	ayaa
3527	10543	shabeel
3528	10543	ma?
3529	10543	ayaa
3530	10544	day-
3531	10544	-Ø 3
3532	10545	shalay
3533	10546	wayl
3534	10548	dhow
3535	10549	qoy-
3536	10549	-Ø 3
3537	10553	eeg-
3538	10553	-ay 1
3539	10553	-ay 2
3540	10561	berber-
3541	10561	-a
3542	10561	baa
3543	10561	uu
3544	10561	qab-
3545	10561	-ad-
3546	10561	-ay 2
3547	10563	ma?
3548	10563	iib-
3549	10563	-sad-
3550	10563	-t
3551	10564	ma?
3552	10564	soo
3553	10564	iib-
3554	10564	-sad-
3555	10564	-t
3556	10564	-ay 2
3557	10563	-ay 2
3558	10567	bad
3559	10567	-eed
3560	10568	shimbir
3561	10568	-ta
3562	10569	diim-
3563	10569	-ta
3564	10570	diim- 2
3565	10570	-ka
3566	10571	bir
3567	10571	-ta
3568	10572	nirg-
3569	10383	eed-
3570	10383	-ee-
3571	10383	-san
3572	10383	-e
3573	10384	neef 2
3574	10384	-sad-
3575	10384	-sh-
3576	10384	-o
3577	10385	eedid
3578	10386	eeg
3579	10386	-ka
3580	10388	ehel
3581	10388	-ka
3582	10392	ilays
3583	10393	isniin
3584	10397	iftiin
3585	10403	il
3586	10403	-o 2
3587	10404	bir
3588	10426	miyi
3589	10437	iib-
3590	10437	-i 3
3591	10437	-n
3592	10451	oday
3593	10453	dood-
3594	10455	boqol
3595	10460	og
3596	10461	ord-
3597	10461	-ay 1
3598	10461	-aa 2
3599	10478	doon
3600	10479	food
3601	10498	nuug-
3602	10498	-aa 2
3603	10499	uur
3604	10504	daruur
3605	10513	duul- 1
3606	10513	-Ø 3
3607	10514	duul- 2
3608	10514	-Ø 3
3609	10516	daar
3610	9718	-aa 2
3611	9719	-aa 2
3612	9721	-aa 2
3613	9724	-aa 2
3614	9727	-aa 2
3615	9765	-ay 2
3616	9766	-aa 2
3617	9770	ku
3618	10122	-Ø 3
3619	10162	-Ø 3
3620	10547	ku
3621	10547	tiir
3622	10547	-san
3623	10547	-aad 2
3624	10547	-Ø 3
3625	10624	kur
3626	10625	kur
3627	10625	-o 2
3628	10663	kulan
3629	10663	-ka
3630	9890	laam-
3631	9891	laam-
3632	9891	-ta
3633	9937	laam-
3634	9937	-o 2
3635	9938	laam-
3636	9938	-o 2
3637	9938	-ka
3638	9590	ma
3639	9590	ay
3640	9590	aan 2
3641	9590	ord-
3642	9590	-ay 1
3643	9590	-nin
3644	9613	ma?
3645	9613	ark-
3646	9613	-t
3647	9613	-ay 2
3648	9613	dad
3649	9613	-ka
3650	9613	guri
3651	9613	-ka
3652	9613	dhis-
3653	9613	-ay 1
3654	9613	-a 2
3655	9614	ma?
3656	9614	ark-
3657	9614	-t
3658	9614	-ay 2
3659	9614	dad
3660	9614	-ka
3661	9614	dhis-
3662	9614	-ay 2
3663	9614	-a 2
3664	9614	guri
3665	9614	-ka
3666	9615	hal 1
3667	9615	madax
3668	9615	+
3669	9615	weyn
3670	9615	-e
3671	10070	-Ø´
3672	9966	-Ø 2
3673	9964	dheer
3674	9961	-e
3675	9978	libaax
3676	9980	libaax
3677	9963	-e
3678	10360	-o
3679	9626	cusb-
3680	9627	uun
3681	9970	wareem-
3682	10055	
3683	10053	-n
3684	10052	-ta
3685	10051	-s
3686	9962	-e
3687	9559	´-Ø
3688	9560	-ow
3689	9971	wareem-
3690	8198	-o
3691	9956	magaal-
3692	9981	libaax
3693	9975	dheer
3694	9591	guri
3695	9591	-ka
3696	9591	u
3697	9591	ma
3698	9591	ay
3699	9591	aan 2
3700	9591	ord-
3701	9591	-ay 1
3702	9591	-nin
3703	9598	akhri-
3704	9598	qor-
3705	9598	-aal
3706	9598	-kan
3707	9598	uu
3708	9598	Axmed
3709	9598	qor-
3710	9598	-ay 2
3711	10599	kartoom-
3712	10599	-o 2
3713	5609	cirbad
3714	5679	aabb-
3715	5679	-e
3716	5694	burc-
3717	5694	-o
3718	5703	aqal
3719	5704	dubb-
3720	5704	-e
3721	5706	igaar
3722	5707	inan 1
3723	5716	Maxamuud
3724	5722	waraab-
3725	5722	-e
3726	5727	gaari 1
3727	5728	baabuur
3728	5731	awr 1
3729	5766	caan-
3730	5766	-o 2
3731	5770	af
3732	5771	af
3733	5771	-ka
3734	5772	af
3735	5772	-aC
3736	5773	af
3737	5773	-aC
3738	5773	-ka
3739	5778	hooy-
3740	5778	-o
3741	5781	hooy-
3742	5781	-o
3743	5781	-oyin
3744	5782	hooy-
3745	5782	-o
3746	5782	-oyin
3747	5782	-ka
3748	5787	cun-
3749	5787	-t- 1
3750	5787	-o
3751	5821	miis
3752	5838	waa
3753	5838	uu
3754	5838	cun-
3755	5838	-ay 1
3756	5838	-aa 2
3757	5839	waa
3758	5839	ay
3759	5839	cun-
3760	5839	-t
3761	5839	-aa 2
3762	5862	waa
3763	5862	aan 1
3764	5862	cun-
3765	5862	-i 2
3766	5862	doon-
3767	5862	-aa 2
3768	5863	waa
3769	5863	aan 1
3770	5863	cabb-
3771	5863	-i 2
3772	5863	doon-
3773	5863	-aa 2
3774	5896	afar
3775	5958	webi
3776	5959	webi
3777	5959	-ka
3778	5960	webi
3779	5960	-o 2
3780	5961	webi
3781	5961	-o 2
3782	5961	-ta
3783	5992	dibi
3784	6044	tuk-
3785	6044	-e
3786	6066	magaal-
3787	6066	-o
3788	6072	magaal-
3789	6072	-o
3790	6072	-oyin
3791	6105	biy-
3792	6105	-o 2
3793	6278	eedd-
3794	6278	-o
3795	6288	arday
3796	6317	wiil
3797	6321	buug
3798	6339	wad-
3799	6339	-t- 1
3800	6339	-o
3801	6341	wad-
3802	6341	-t- 1
3803	6341	-o
3804	6341	-oyin
3805	6342	wad-
3806	6342	-t- 1
3807	6342	-o
3808	6342	-oyin
3809	6342	-ka
3810	6402	gaari 1
3811	6402	-keed
3812	6402	-ka
3813	6441	waa
3814	6441	uu
3815	6441	cun-
3816	6441	-aa 2
3817	6543	libaax
3818	6543	+
3819	6543	bad
3820	6543	-eed
3821	6551	bad
3822	6551	weyn
3823	6552	bad
3824	6552	-ta
3825	6552	weyn
3826	6555	dheer
3827	6556	feer 2
3828	6557	feer 1
3829	6558	galley
3830	6602	boqor
3831	6602	-o 2
3832	6645	habeen
3833	6706	inan 2
3834	6716	aqal
3835	6716	-ka
3836	6717	guri
3837	6717	-ka
3838	6737	dugsi
3839	6746	bisad
3840	6761	ey
3841	6761	-o 2
3842	6779	sheek-
3843	6779	-o
3844	6788	sheek-
3845	6788	-o
3846	6788	-oyin
3847	6789	sheek-
3848	6789	-o
3849	6789	-oyin
3850	6789	-ka
3851	6888	dibi
3852	6888	-o 2
3853	6890	dibi
3854	6890	-o 2
3855	6890	-ta
3856	7076	fur-
3857	7076	-e
3858	7099	wiil
3859	7099	-kii
3860	7103	gabdh-
3861	7109	bad
3862	7111	geel
3863	7125	ilk-
3864	7153	dheg
3865	7153	-taa
3866	7153	-ta
3867	7212	dheg
3868	7212	-tee
3869	7360	beer 2
3870	7360	-ta
3871	7380	doofaar
3872	7445	magac
3873	7445	+
3874	7445	u
3875	7445	+
3876	7445	y-
3877	7445	-aall-
3878	7451	sum-
3879	7464	laf
3880	7465	laf
3881	7465	-ta
3882	7466	laf
3883	7466	-o 2
3884	7477	silsilad
3885	7477	-taa
3886	7477	-ta
3887	7520	geesi
3888	7521	geesi
3889	7521	-nim-
3890	7521	-o
3891	7523	geesi
3892	7523	-ad
3893	7535	boos
3894	7537	meel
3895	7543	meel
3896	7543	-o 2
3897	7546	meel
3898	7546	-o 2
3899	7546	-ka
3900	7547	moos
3901	7548	moos
3902	7548	-ka
3903	7590	ilk-
3904	7590	-o 2
3905	7592	dheg
3906	7593	dheg
3907	7593	-ta
3908	6313	guri
3909	6313	
3910	7594	dheg
3911	7594	-o 2
3912	7595	dheg
3913	7595	-o 2
3914	7595	-ka
3915	7685	il-/indh-
3916	7685	-o 2
3917	7813	beer 1
3918	7827	beer 2
3919	7833	beer 2
3920	7833	-tiis
3921	7833	-ta
3922	7960	boqor
3923	7986	waa
3924	7986	ay
3925	7986	t-
3926	7986	-imid-
3927	8015	jilb-
3928	8038	kan
3929	8039	tan
3930	8040	kuwan
3931	8042	kuwaas
3932	8043	kaas
3933	8044	taas
3934	8112	ukum-
3935	8113	beed
3936	8119	jid
3937	8120	jid
3938	8120	-aC
3939	8156	dad
3940	8183	xum-
3941	8220	lo'
3942	8233	gabdh-
3943	8233	-ta
3944	8293	yaxaas
3945	8332	ul
3946	8504	duul- 1
3947	8504	-ay 1
3948	8504	-a 2
3949	8524	midig
3950	8525	bidix
3951	8538	mas
3952	8587	cali
3953	8587	baa
3954	8587	y-
3955	8587	-imid-
3956	8589	cali
3957	8589	waa
3958	8589	y-
3959	8589	-imid-
3960	8590	cali
3961	8590	baa
3962	8590	y-
3963	8590	-imid-
3964	8653	sahr-
3965	8653	-o
3966	8653	-aa 5
3967	8653	t-
3968	8653	-imid-
3969	8654	sahr-
3970	8654	-o
3971	8654	waa
3972	8654	t-
3973	8654	-imid-
3974	8684	kii
3975	8685	tii
3976	8686	kuwii
3977	8727	illm-
3978	8727	-o 2
3979	8734	wanaag
3980	8734	-san
3981	8746	libaax
3982	8746	-ka
3983	8823	goror
3984	8861	albaab
3985	8862	illin 1
3986	8863	irrid
3987	8933	udgoon
3988	9008	madow
3989	9011	yar
3990	9012	cusb-
3991	9038	dumar
3992	9135	diim- 2
3993	9136	diim-
3994	9204	waa
3995	9204	uu
3996	9204	cun
3997	9204	-t-
3998	9204	-ee-
3999	9204	-n
4000	9204	-ay 1
4001	9204	-aa 2
4002	9268	misir
4003	9269	miir
4004	9350	cabb-
4005	9350	-id
4006	9826	ha 1
4007	9826	y-
4008	9826	-imaad-
4009	9826	-o 5
4010	9827	aan 1
4011	9827	taag-
4012	9827	-o 5
4013	9828	aan 1
4014	9828	tag-
4015	9828	-o 5
4016	9829	ha 1
4017	9829	taag-
4018	9829	-t
4019	9829	-o 5
4020	9830	ha 1
4021	9830	tag-
4022	9830	-t
4023	9830	-o 5
4024	9831	taag-
4025	9831	-t
4026	9831	-o 4
4027	9832	ha 1
4028	9832	bax-
4029	9832	-t
4030	9832	-o 5
4031	9833	ha 1
4032	9833	sheeg-
4033	9833	-o 5
4034	9834	ha 1
4035	9834	joog-
4036	9834	-o 5
4037	9835	ha 1
4038	9835	qod-
4039	9835	-o 5
4040	9836	ha 1
4041	9836	sug- 1
4042	9836	-t
4043	9836	-o 5
4044	9837	ha 1
4045	9837	fiiri-
4046	9837	-t
4047	9837	-o 5
4048	9838	ha 1
4049	9838	cabb-
4050	9838	-o 5
4051	9839	ha 1
4052	9839	cun-
4053	9839	-o 5
4054	9840	aan 1
4055	9840	sheeg-
4056	9840	-o 5
4057	9841	taag-
4058	9841	-o 4
4059	9842	sheeg-
4060	9842	-o 4
4061	9843	aan 1
4062	9843	joog-
4063	9843	-o 5
4064	9844	aan 1
4065	9844	bood-
4066	9844	-o 5
4067	9845	aan 1
4068	9845	cun-
4069	9845	-o 5
4070	9846	aan 1
4071	9846	cabb-
4072	9846	-o 5
4073	9847	aan 1
4074	9847	eeg-
4075	9847	-o 5
4076	9860	dhis-
4077	9860	-ay 2
4078	9871	tag-
4079	9871	-t
4080	9871	-o 4
4081	9872	mooy-
4082	9872	-e
4083	9872	-yaal
4084	9873	cad 1
4085	9873	-aC
4086	9874	cad 1
4087	9874	-aC
4088	9874	-ka
4089	9875	cad 1
4090	9875	-ka
4091	9900	wax
4092	9908	shabeel
4093	9908	-o 2
4094	9909	shabeel
4095	9909	-o 2
4096	9909	-ta
4097	9910	geed
4098	9910	-o 2
4099	9911	geed
4100	9911	-o 2
4101	9911	-ka
4102	9912	hees
4103	9912	-o 2
4104	9913	hees
4105	9913	-o 2
4106	9913	-ka
4107	9914	jeeb
4108	9914	-aC
4109	9915	jeeb
4110	9915	-aC
4111	9915	-ka
4112	9924	tog
4113	9924	-aC
4114	9925	tog
4115	9925	-aC
4116	9925	-ka
4117	9927	tog
4118	9927	-ka
4119	9928	doolli
4120	9928	-o 2
4121	9929	doolli
4122	9929	-o 2
4123	9929	-ta
4124	9930	libaax
4125	9930	-o 2
4126	9931	libaax
4127	9931	-o 2
4128	9931	-ta
4129	9932	surwaal
4130	9932	-o 2
4131	9932	-ta
4132	9933	hilb-
4133	9933	-o 2
4134	9934	hilb-
4135	9934	-o 2
4136	9934	-ka
4137	10365	daann-
4138	10365	-o
4139	10387	eeridhaban
4140	10391	ilaaq
4141	10394	irmaan
4142	10395	ifafaal-
4143	10395	-e
4144	10396	inkaar
4145	10398	is
4146	10398	+
4147	10398	raac-
4148	10398	-Ø 2
4149	10399	is
4150	10399	+
4151	10399	mashquul
4152	10399	-i 3
4153	10399	-n
4154	10400	ib
4155	10401	is
4156	10401	+
4157	10401	maamul
4158	10402	ictiraaf
4159	10405	fin
4160	10406	fir
4161	10407	misk-
4162	10408	iraadi
4163	10409	igarr-
4164	10409	-e
4165	10410	irdhoob-
4166	10410	-Ø 3
4167	10411	injir
4168	10412	il-/indh-
4169	10412	-tii
4170	10412	+
4171	10412	qaad- 1
4172	10412	-t- 2
4173	10412	-e
4174	5661	walaal
4175	5661	-tay
4176	5662	walaal
4177	5662	-kay
4178	5469	macallim-
4179	5469	-kii
4180	5469	hor
4181	5469	-e 2
4182	5501	arday
4183	5501	-Ø´
4184	5501	iyo
4185	5501	macallim-
4186	5501	-iin
4187	5973	webi
4188	5973	-kaas
4189	5977	webi
4190	5977	-kood
4191	5977	-ka
4192	5996	dibi
4193	5996	-Ø´
4194	6022	haa
4195	6022	waa
4196	6022	dibi
4197	6667	macallim-
4198	6667	-ad
4199	6667	-ta
4200	6667	cusb-
4201	6679	macallim-
4202	6679	-kay
4203	6679	-ka
4204	6680	macallim-
4205	6680	-kaa
4206	6680	-ka
4207	6681	macallim-
4208	6681	-keed
4209	6681	-ka
4210	6682	macallim-
4211	6682	-ad
4212	6682	-tay
4213	6682	-ta
4214	6683	macallim-
4215	6683	-ad
4216	6683	-taa
4217	6683	-ta
4218	6684	macallim-
4219	6684	-ad
4220	6684	-teed
4221	6684	-ta
4222	6685	macallim-
4223	6685	-kood
4224	6685	-ka
4225	6686	macallim-
4226	6686	-ad
4227	6686	-tood
4228	6686	-ta
4229	6688	macallim-
4230	6688	-ad
4231	6688	-tii
4232	6688	hor
4233	6688	-e 2
4234	6738	dugsi
4235	6738	-ka
4236	6739	hal 1
4237	6739	dugsi
4238	6740	dugsi
4239	6740	sar
4240	6740	-e 2
4241	6742	dugsi
4242	6742	-ka
4243	6742	sar
4244	6742	-e 2
4245	6742	ee
4246	6742	Garoowe
4247	6845	walaal
4248	6846	walaal
4249	6846	-ka
4250	6847	walaal
4251	6847	-ta
4252	6848	abbaay-
4253	6848	-o
4254	6849	abboow-
4255	6849	-e
4256	6852	walaal
4257	6852	-taa
4258	6853	walaal
4259	6853	-kaa
4260	6854	walaal
4261	6854	-o 2
4262	6855	walaal
4263	6855	-o 2
4264	6855	-ka
4265	6856	walaal
4266	6856	-o
4267	6856	-kay
4268	6857	walaal
4269	6857	-o
4270	6857	-kaa
4271	6858	walaal
4272	6858	-tay
4273	6858	weyn
4274	6859	walaal
4275	6859	-tay
4276	6859	i
4277	6859	ka
4278	6859	weyn
4279	6860	walaal
4280	6860	-kay
4281	6860	i
4282	6860	ka
4283	6860	yar
4284	6861	walaal
4285	6861	-tay
4286	6861	guri
4287	6861	-ka
4288	6861	-Ø 6
4289	6861	ay
4290	6861	joog-
4291	6861	-t
4292	6861	-aa 2
4293	6862	walaal
4294	6862	-kay
4295	6862	iskuul
4296	6862	-ka
4297	6862	-Ø 6
4298	6862	uu
4299	6862	jir-
4300	6862	-aa 2
4301	6863	walaal
4302	6863	-kay
4303	6863	iskuul
4304	6863	-ka
4305	6863	-Ø 6
4306	6863	uu
4307	6863	joog-
4308	6863	-aa 2
4309	6864	walaal
4310	6864	-kay
4311	6864	dugsi
4312	6864	-ka
4313	6864	-Ø 6
4314	6864	uu
4315	6864	joog-
4316	6864	-aa 2
4317	6865	walaal
4318	6865	-kay
4319	6865	dugsi
4320	6865	-ka
4321	6865	-Ø 6
4322	6865	uu
4323	6865	jir-
4324	6865	-aa 2
4325	6870	buur
4326	6871	buur
4327	6871	-ta
4328	6872	buur
4329	6872	-o 2
4330	6873	buur
4331	6873	-o 2
4332	6873	-ka
4333	6875	webi
4334	6875	-o 2
4335	6875	-taas
4336	6876	buur
4337	6876	-taas
4338	6877	buur
4339	6877	-o 2
4340	6877	-kaas
4341	6878	webi
4342	6878	-keen
4343	6878	-ka
4344	6880	kan
4345	6880	-i
4346	6880	ma?
4347	6880	webi
4348	6880	-aa 5
4349	6881	kan
4350	6881	-i
4351	6881	ma?
4352	6881	webi
4353	6881	baa
4354	6882	webi
4355	6882	ma?
4356	6882	ayaa
4357	6882	kan
4358	6882	-i
4359	6883	tan
4360	6883	-i
4361	6883	ma?
4362	6883	buur
4363	6883	baa
4364	6884	buur
4365	6884	ma?
4366	6884	ayaa
4367	6884	tan
4368	6884	-i
4369	6886	dibi
4370	6886	-ka
4371	6887	hal 1
4372	6887	dibi
4373	6891	dibi
4374	6891	-Ø´
4375	6891	-ta
4376	6892	shan
4377	6892	dibi
4378	6893	dibi
4379	6893	-kaas
4380	6894	dibi
4381	6894	-o 2
4382	6894	-taas
4383	6895	dibi
4384	6895	-Ø´
4385	6895	-taas
4386	6896	kan
4387	6896	-i
4388	6896	ma?
4389	6896	dibi
4390	6896	baa
4391	6897	dibi
4392	6897	ma?
4393	6897	ayaa
4394	6897	kan
4395	6897	-i
4396	6899	ma?
4397	6899	ark-
4398	6899	-t
4399	6899	-ay 2
4400	6899	dibi
4401	6900	ma?
4402	6900	ark-
4403	6900	-t
4404	6900	-ay 2
4405	6900	dibi
4406	6900	-ka
4407	6938	haa
4408	6938	waa
4409	6938	ark-
4410	6938	-ay 2
4411	7420	haa
4412	7420	waa
4413	7420	aan 1
4414	7420	ark-
4415	7420	-ay 2
4416	7680	macallim-
4417	7680	-ka
4418	7680	cusb-
4419	10414	Irir
4420	10415	ibliis
4421	10416	ilhaan
4422	10417	isir
4423	10418	-imaad-
4424	10418	-n
4425	10418	-sh-
4426	10418	-o
4427	10419	il-/indh-
4428	10419	-ley
4429	10420	idl-
4430	10421	ammin
4431	10421	-ka
4432	10422	ihaan-
4433	10422	-o
4434	10423	idan
4435	10427	miyir
4436	10429	iin
4437	10431	iiq-
4438	10431	-ee-
4439	10431	-n
4440	10432	i
4441	10432	u
4442	10432	dhah-
4443	10433	fiin
4444	10434	dhiirr-
4445	10434	-ad-
4446	10434	-an
4447	10434	-aad 2
4448	10434	-n
4449	10434	-sh-
4450	10434	-o
4451	10435	iidaan
4452	10436	iid-
4453	10436	-id
4454	10438	iil
4455	10440	Iikar
4456	10441	Iimey
4457	10443	fiid
4458	10573	olol
4459	10573	-ka
4460	10583	diim-
4461	10583	-o 2
4462	10584	diim- 2
4463	10584	-aC
4464	10585	irbad
4465	10585	-o 2
4466	10586	nirg-
4467	10586	-o 2
4468	10587	aqal
4469	10587	-o 2
4470	10588	miig
4471	10588	-aC
4472	10590	eray
4473	10590	-o 2
4474	10591	ey
4475	10591	-Ø´
4476	10592	orgi
4477	10592	-o 2
4478	10593	olol
4479	10593	-yaal
4480	10594	olol
4481	10594	-o 2
4482	10595	oday
4483	10595	-o 2
4484	10596	oday
4485	10596	-yaal
4486	10597	dood-
4487	10597	-o 2
4488	10598	og
4489	10598	-ay 3
4490	10598	sii-
4491	10598	-s
4492	10598	-o 2
4493	10600	eedd-
4494	10600	-o
4495	10600	-oyin
4496	10606	bad
4497	10606	-o 2
4498	10608	cad 1
4499	10608	-o 2
4500	10609	koor
4501	10609	-o 2
4502	10610	food
4503	10610	-o 2
4504	10611	food
4505	10611	-aC
4506	10612	habeen
4507	10612	-o 2
4508	10613	ceel
4509	10613	-aC
4510	10614	reer
4511	10614	-o 2
4512	10615	suum-
4513	10615	-aC
4514	10616	suul
4515	10616	-aC
4516	10617	luul 2
4517	10617	-aC
4518	7327	ayo?
4519	7327	-Ø 6
4520	7327	aad
4521	7327	ark-
4522	7327	-t
4523	7327	-ay 2
4524	8055	waxaa
4525	8055	aan 1
4526	8055	ark-
4527	8055	-ay 2
4528	8055	maroodi
4529	7331	waxaa
4530	7331	aan 1
4531	7331	ark-
4532	7331	-ay 2
4533	7331	Sahr-
4534	7331	-o
4535	8758	gabdh-
4536	8758	-tii
4537	8758	ma?
4538	8758	ay
4539	8758	cun-
4540	8758	-t
4541	8758	-ay 2
4542	8759	haa
4543	8759	gabdh-
4544	8759	-tii
4545	8759	waa
4546	8759	ay
4547	8759	cun-
4548	8759	-t
4549	8759	-ay 2
4550	6449	Cali
4551	6449	ma?
4552	6449	cun-
4553	6449	-ay 2
4554	7983	Cali
4555	7983	waa
4556	7983	cun-
4557	7983	-ay 2
4558	9216	Cali
4559	9216	baa
4560	9216	cun-
4561	9216	-ay 2
4562	9326	ani-
4563	9326	-ka
4564	9326	-u
4565	9326	kalluum-
4566	9326	ma
4567	9326	cun-
4568	9326	-o 4
4569	9325	ani-
4570	9325	-ka
4571	9325	-u
4572	9325	ma
4573	9325	cun-
4574	9325	-o 4
4575	9325	kalluum-
4576	5835	ani-
4577	5835	-ka
4578	5835	-u
4579	5835	waa
4580	5835	aan 1
4581	5835	cun-
4582	5835	-aa 2
4583	5834	ani-
4584	5834	-ka
4585	5834	-u
4586	5834	waa
4587	5834	aan 2
4588	5834	cun-
4589	5834	-ay 1
4590	5834	-aa 2
4591	9327	ani-
4592	9327	-ka
4593	9327	-u
4594	9327	waxaa
4595	9327	aan 1
4596	9327	ah
4597	9327	-ay 3
4598	9327	nim-
4599	5752	nim-
4600	5752	-aC
4601	5775	nim-
4602	5775	-aC
4603	5775	-ka
4604	5776	nim-
4605	5776	-aC
4606	5776	-kan
4607	5777	nim-
4608	5777	-aC
4609	5777	-kaas
4610	9327	aan 2
4611	9327	kalluum-
4612	9327	cun-
4613	9328	ma
4614	9328	aan 1
4615	9328	cun-
4616	9328	-o 4
4617	9329	ma
4618	9329	aan 1
4619	9329	cun-
4620	9329	-o 4
4621	9329	kalluum-
4622	9330	iya-
4623	9330	-ta
4624	9330	-u
4625	9330	ma
4626	9330	xanuun
4627	9330	-san
4629	9330	-a 4
4630	9331	ma
4631	9331	xanuun
4632	9331	-sad-
4633	9331	-n
4634	9331	-ay 1
4635	9331	-t
4636	9331	-o 4
4637	9332	ma
4638	9332	xanuun
4639	9332	-sad-
4640	9332	-n
4641	9332	-o 4
4642	9333	iya-
4643	9333	-ta
4644	9333	-u
4645	9333	ma
4646	9333	xanuun
4647	9333	-sad-
4648	9333	-n
4649	9333	-ay 1
4650	9333	-t
4651	9333	-o 4
4652	9334	ma
4653	9334	xanuun
4654	9334	-san
4655	9334	-a 4
4656	9335	isa-
4657	9335	-ka
4658	9335	-u
4659	9335	ma
4660	9335	xanuun
4661	9335	-san
4662	9335	-a 4
4663	9336	isa-
4664	9336	-ka
4665	9336	-u
4666	9336	ma
4667	9336	xanuun
4668	9336	-sad-
4669	9336	-n
4670	9336	-ay 1
4671	9336	-o 4
4672	9337	ma
4673	9337	xanuun
4674	9337	-sad-
4675	9337	-n
4676	9337	-ay 1
4677	9337	-o 4
4678	9338	isa-
4679	9338	-ka
4680	9338	-u
4681	9338	ma
4682	9338	buk-
4683	9338	-o 4
4684	9339	iya-
4685	9339	-ta
4686	9339	-u
4687	9339	ma
4688	9339	buk-
4689	9339	-t
4690	9339	-o 4
4691	9340	isa-
4692	9340	-ka
4693	9340	-u
4694	9340	ma
4695	9340	jirr-
4696	9340	-an
4697	9340	-a 4
4698	9341	iya-
4699	9341	-ta
4700	9341	-u
4701	9341	ma
4702	9341	jirr-
4703	9341	-an
4704	9341	-a 4
4705	9342	iya-
4706	9342	-ka
4707	9342	-u
4708	9342	caan-
4709	9342	-o 2
4710	9342	ma
4711	9342	cabb-
4712	9342	-aa 4
4713	9342	-n 2
4714	9343	iya-
4715	9343	-ka
4716	9343	-u
4717	9343	ma
4718	9343	cabb-
4719	9343	-aa 4
4720	9343	-n 2
4721	9343	caan-
4722	9343	-o 2
4723	9344	cabb-
4724	9344	-aa 2
4725	9344	-n 2
4726	9345	ma
4727	9345	cabb-
4728	9345	-aa 4
4729	9345	-n 2
4730	9346	ma
4731	9346	cabb-
4732	9346	-o 4
4733	9353	nim-
4734	9353	baa
4735	9353	libaax
4736	9353	qab
4737	9353	-ad-
4738	9353	-ay 2
4739	9354	libaax
4740	9354	ayaa
4741	9354	nim-
4742	9354	qab-
4743	9354	-ad-
4744	9354	-ay 2
4745	9355	nim-
4746	9355	-aa 5
4747	9355	libaax
4748	9355	qab-
4749	9355	-ad-
4750	9355	-ay 2
4751	9356	nim-
4752	9356	baa
4753	9356	libaax
4754	9356	qab-
4755	9356	-ad-
4756	9356	-ay 2
4757	9357	mas
4758	9357	baa
4759	9357	nim-
4760	9357	dil-
4761	9357	-ay 2
4762	9358	mas
4763	9358	baa
4764	9358	nim-
4765	9358	dil-
4766	9358	-ay 2
4767	9359	gabdh-
4768	9359	ayaa
4769	9359	Faadum-
4770	9359	-o
4771	9359	kan
4772	9359	sii-
4773	9359	-t
4774	9359	-ay 2
4775	9360	gabdh-
4776	9360	baa
4777	9360	Faadum-
4778	9360	-o
4779	9360	kan
4780	9360	sii-
4781	9360	-t
4782	9360	-ay 2
4783	9361	gabdh-
4784	9361	baa
4785	9361	Faadum-
4786	9361	-o
4787	9361	kan
4788	9361	sii-
4789	9361	-t
4790	9361	-ay 2
4791	9362	ey
4792	9362	baa
4793	9362	dhurw-
4794	9362	-aa
4795	9362	ery-
4796	9362	-ad-
4797	9362	-ay 2
4798	9363	ery-
4799	9363	-ad-
4800	9363	-ay 2
4801	9364	ey
4802	9364	baa
4803	9364	dhurw-
4804	9364	-aa
4805	9364	cayr-
4806	9364	-sad-
4807	9364	-ay 2
4808	9365	ey
4809	9365	baa
4810	9365	dhurw-
4811	9365	-aa
4812	9365	buur-
4813	9365	-sad-
4814	9365	-ay 2
4815	9366	wiil
4816	9366	baa
4817	9366	hal 3
4818	9366	lis-
4819	9366	-ay 2
4820	9367	wiil
4821	9367	baa
4822	9367	rati
4823	9367	harraati
4824	9367	-ay 2
4825	9256	aabb-
4826	9256	-e
4827	9256	-Ø 6
4828	9256	aan 1
4829	9256	ark-
4830	9256	-ay 2
4831	6502	aabb-
4832	6502	-e
4833	6502	-Ø 6
4834	6502	aan 1
4835	6502	la 2
4836	6502	kulm-
4837	6502	-ay 2
4839	7352	-ka
4840	8082	guri
4841	8082	-kiis
4842	8082	-ka
4843	9652	-ay 2
4844	7079	aabb-
4845	7079	-e
4846	7079	-ka
4847	6395	aabb-
4848	6395	-e
4849	6395	-kaa
4850	5907	aabb-
4851	5907	-e
4852	5907	-kaa
4853	5907	maxay
4854	5902	maxay
4855	5902	-Ø 6
4856	5902	ay
4857	5902	samee-
4858	5902	-n
4859	5902	-ay 1
4860	5902	-t
4861	5902	-aa 2
4862	5902	hooy-
4863	5902	-o
4864	5902	-tay
4865	5903	maxay
4866	5903	-Ø 6
4867	5903	ay
4868	5903	samee-
4869	5903	-n
4870	5903	-ay 1
4871	5903	-t
4872	5903	-aa 2
4873	5903	hooy-
4874	5903	-o
4875	5907	-Ø 6
4876	5907	uu
4877	5907	qab-
4878	5907	-t- 2
4879	5907	-aa 2
4880	11089	ka
4881	11089	qaad- 1
4882	11089	-Ø 3
4883	11126	soo
4884	11126	qaad- 1
4885	11126	-Ø 3
4886	11918	Maryan
4887	11918	buug
4888	11918	ayaa
4889	11918	ay
4890	11918	qaad- 1
4891	11918	-t- 2
4892	11918	-t
4893	11918	-ay 2
4894	5906	aabb-
4895	5906	-e
4896	5906	-kaa
4897	5906	maxay
4898	5906	-Ø 6
4899	5906	uu
4900	5906	samee-
4901	5906	-n
4902	5906	-ay 1
4903	5906	-aa 2
4904	9155	aabb-
4905	9155	-e
4906	9155	-kaa
4907	9155	maxay
4908	9155	-Ø 6
4909	9155	uu
4910	9155	samee-
4911	9155	-aa 2
4912	8279	aabb-
4913	8279	-e
4914	8279	-kay
4915	8278	aabb-
4916	8278	-e
4917	8278	-kay
4918	8278	baa
4919	8278	y-
4920	8278	-imid-
4921	8280	aabb-
4922	8280	-e
4923	8280	-kay
4924	8280	shaq-
4925	8280	-o
4926	8280	-tii
4927	8280	ayaa
4928	8280	uu
4929	8280	ka
4930	8280	y-
4931	8280	-imid-
4932	8281	aabb-
4933	8281	-e
4934	8281	-kay
4935	8281	shaq-
4936	8281	-o
4937	8281	-tii
4938	8281	waa
4939	8281	ka
4940	8281	y-
4941	8281	-imid-
4942	8282	aabb-
4943	8282	-e
4944	8282	-kay
4945	8282	waa
4946	8282	macallim-
4947	8283	aabb-
4948	8283	-e
4949	8283	-kay
4950	8283	waa
4951	8283	y-
4952	8283	-imid-
4953	9437	aabb-
4954	9437	-e
4955	9437	-kood
4956	9437	ma?
4957	9437	wax
4958	9437	baa
4959	9437	aad
4960	9437	sii-
4961	9437	-t
4962	9437	-ay 2
4963	9464	aabb-
4964	9464	-e
4965	9464	-kood
4966	9464	ma?
4967	9464	wax
4968	9464	baa
4969	9464	aad
4970	9464	sii-
4971	9464	-t
4972	9464	-ay 2
4973	9436	aabb-
4974	9436	-e
4975	9436	-kood
4976	9436	ma?
4977	9436	wax
4978	9436	baa
4979	9436	uu
4980	9436	ku
4981	9436	sii-
4982	9436	-ay 2
4983	9433	aabb-
4984	9433	-e
4985	9433	-kood
4986	9433	waa
4987	9433	uu
4988	9433	u
4989	9433	y-
4990	9433	-imid-
4991	9434	aabb-
4992	9434	-e
4993	9434	-kood
4994	9434	waa
4995	9434	uu
4996	9434	u
4997	9434	y-
4998	9434	-imid-
4999	6501	aabb-
5000	6501	-e
5001	6501	ayaa
5002	6501	aan 1
5003	6501	la 2
5004	6501	kulm-
5005	6501	-ay 2
5006	11300	aabb-
5007	11300	-e
5008	11300	ma
5009	11300	ah
5010	11300	-i 4
5011	11302	aabb-
5012	11302	-e
5013	11302	ma
5014	11302	ah
5015	11302	-i 4
5016	8889	aabb-
5017	8889	-e
5018	8889	ma
5019	8889	ayaa
5020	8889	aad
5021	8889	ark-
5022	8889	-t
5023	8889	-ay 2
5024	8552	aabb-
5025	8552	-e
5026	8552	waa
5027	8552	nim-
5028	8552	dal
5029	8552	-kiis
5030	8552	-ka
5031	8552	jecl-
5032	8553	aabb-
5033	8553	-e
5034	8553	waa
5035	8553	nim-
5036	8553	waddam-
5037	8553	-kiis
5038	8553	-ka
5039	8553	jecl-
5040	8888	aabb-
5041	8888	-e
5042	8888	waa
5043	8888	uu
5044	8888	y-
5045	8888	-imid-
5046	7078	aabb-
5047	7078	-e
5048	7078	-kii
5049	9063	aabb-
5050	9063	-e
5051	9063	-kiis
5052	8284	aabb-
5053	8284	-e
5054	8284	-kiis
5055	8284	waa
5056	8284	y-
5057	8284	-imid-
5058	9061	aabb-
5059	9061	-e
5060	9061	-kiis
5061	9061	waa
5062	9061	uu
5063	9061	y-
5064	9061	-imid-
5065	11925	aad 2
5066	11925	ayaa
5067	11925	uu
5068	11925	u
5069	11925	fiicn-
5070	11925	y-
5071	11925	ah
5072	11925	-ay 3
5073	11201	aad 2
5074	11201	u
5075	11201	macaan
5076	11200	aad 2
5077	11200	u
5078	11200	weyn
5079	8213	aag
5080	8213	lab-
5081	8213	-o
5082	8213	+
5083	8213	qaad- 1
5084	8213	-Ø 2
5085	8213	ah
5086	9028	aalasay
5087	9037	aalasay
5088	9037	-ta
5089	11315	aamin-
5090	11315	-o
5091	11362	aamin-
5092	11362	-o
5093	11362	waa
5094	11362	dheer
5095	11362	t-
5096	11362	ah
5097	11362	-ay 3
5098	11352	aamin-
5099	11352	-o
5100	11352	waa
5101	11352	eedd-
5102	11352	-o
5103	11352	-tay
5104	11309	aamin-
5105	11309	-o
5106	11309	wiil
5107	11309	ma
5108	11309	ah
5109	11309	-a 4
5110	8213	-Ø 7
5111	11425	aamin-
5112	11425	-o
5113	11425	waa
5114	11425	ay
5115	11425	jiif-
5116	11425	-t
5117	11425	-aa 2
5118	10853	aan 1
5119	10853	ark-
5120	10853	-o 5
5121	10855	aan 1
5122	10855	halgaad-
5123	10855	-o 5
5124	10856	aan 1
5125	10856	rid-
5126	10856	-o 5
5127	10854	aan 1
5128	10854	tuur-
5129	10854	-o 5
5130	10937	aaran
5131	8986	aaway?
5132	8986	Cali
5133	8285	abti
5134	11002	adeer
5135	8286	adeer
5136	8286	-keen
5137	8287	adeer
5138	8287	-keen
5139	8287	waa
5140	8287	madax
5141	8287	+
5142	8287	weyn
5143	8287	-e
5144	11331	adeer
5145	11331	-kiis
5146	11760	adi-
5147	11760	-ka
5148	11760	ayo?
5149	11760	-aa 5
5150	11760	ku 2
5151	11760	ilaali-
5152	11760	-a 2
5153	6264	adi-
5154	6264	-ka
5155	6264	-u
5156	6264	bar-
5157	6264	-e
5158	6264	ma?
5159	6264	ayaa
5160	6264	aad
5161	6264	t-
5162	6264	ah
5163	6264	-ay 3
5164	6284	adi-
5165	6284	-ka
5166	6284	-u
5167	6284	kalkaali-
5168	6284	-t- 1
5169	6284	-o
5170	11761	adi-
5171	11761	-ka
5172	11761	-u
5173	11761	ma?
5174	11761	ilaali-
5175	11761	-t
5176	11761	-aa 2
5177	11761	walaal
5178	11761	-o 2
5179	11761	-kaa
5180	11761	-ka
5181	11761	ku 2
5182	11761	ka
5183	11761	CV(C)-
5184	11761	yar
5185	9496	adi-
5186	9496	-ka
5187	9496	-u
5188	9496	ma
5189	9496	aad
5190	9496	shaq-
5191	9496	-ee-
5192	9496	-t
5193	9496	-id 2
5194	6270	adi-
5195	6270	-ka
5196	6270	-u
5197	6270	madax
5198	6270	+
5199	6270	weyn
5200	6270	-e
5201	6270	ma?
5202	6270	ayaa
5203	6270	aad
5204	6270	t-
5205	6270	ah
5206	6270	-ay 3
5207	6284	ma?
5208	6284	ayaa
5209	6284	aad
5210	6284	t-
5211	6284	ah
5212	6284	-ay 3
5213	5681	qar-
5214	5681	-e
5215	5714	Cabdi
5216	5891	kow
5217	6518	Faadum-
5218	6518	-o
5219	6553	bad
5220	6553	+
5221	6553	weyn
5222	7061	caan-
5223	7061	-o 2
5224	7061	geel
5225	7085	madax
5226	7085	weyn
5227	7085	-e
5228	7361	beer 2
5229	7361	-o 2
5230	7964	Booram-
5231	7964	-a 3
5232	8142	madax
5233	8178	gees
5234	8261	Soomaali
5235	8261	-a 3
5236	8599	dhakhtar
5237	8852	taariikh
5238	8852	-ta
5239	8852	Soomaali
5240	8852	-a 3
5241	9013	gaab
5242	9013	-an
5243	9015	hagaag
5244	9015	-san
5245	9016	hagaag
5246	9105	haa
5247	10430	iil-
5248	10430	-t- 2
5249	10430	-sh-
5250	10430	-o
5251	10445	dhiidhi-
5252	10445	-Ø 3
5253	10446	giir
5254	10447	miig
5255	10448	miid
5256	10449	ol'ol-
5257	10449	-e
5258	10450	oddoros
5259	10452	oggol
5260	10452	-aad 2
5261	10452	-n
5262	10452	-sh-
5263	10452	-o
5264	10454	moxog
5265	10456	onkod
5266	10457	og
5267	10457	-aal
5268	10458	og
5269	10458	-ays
5270	10458	sii-
5271	10458	-s
5272	10459	gob
5273	10462	ha 2
5274	10462	ord-
5275	10462	-in 1
5276	10462	-a
5277	10465	ood
5278	10466	oomm-
5279	10466	-an
5280	10467	oom-
5281	10467	
5282	10468	oom-
5283	10468	-ati
5284	10469	ood
5285	10469	+
5286	10469	af
5287	10469	-o
5288	10470	oof 2
5289	10471	oodkac
5290	10471	
5291	10471	
5292	10472	lool
5293	10473	mood
5294	10474	mool
5295	10475	oog
5296	10476	oori
5297	10477	oomm-
5298	10477	-i 3
5299	10477	-n
5300	10480	doobi
5301	10481	mood
5302	10481	sii-
5303	10481	-s
5304	10482	udb-
5305	10483	umal
5306	10484	ummul
5307	10485	uneex-
5308	10485	-o
5309	10486	muran
5310	10487	lulm-
5311	10487	-o
5312	10488	luuq
5313	10489	ugb-
5314	10490	uf
5315	10491	ugb-
5316	10491	-aad 3
5317	10492	ujr-
5318	10492	-o
5319	10493	urug 2
5320	10494	dundun
5321	10495	luudi
5322	10497	nuug-
5323	10497	-i 3
5324	10497	-Ø 3
5325	10500	uur-
5326	10500	-o
5327	10501	uur
5328	10501	xum-
5329	10501	-o
5330	10502	uunsi
5331	10503	uus
5332	10503	-ley
5333	10505	uubat-
5334	10505	-o
5335	10507	uugaan
5336	10508	uugaab-
5337	10508	-o
5338	10509	uud
5339	10511	duul- 2
5340	10511	-aan 3
5341	10512	duudsi
5342	10515	duul
5343	10550	ciyaar-
5344	10550	-toy
5345	10551	diid- 1
5346	10551	-ay 2
5347	10552	diid- 2
5348	10552	-ay 2
5349	10555	daqaaq-
5350	10555	-Ø 3
5351	10556	daqaaq-
5352	10556	-ay 2
5353	10557	daam-
5354	10557	+
5355	10557	dheer
5356	10607	cad 2
5357	10618	guud 1
5358	10619	guud 1
5359	10619	-aC
5360	10619	-ka
5361	10620	guud 1
5362	10620	-aC
5363	10621	guud 2
5364	10622	guud 2
5365	10622	guud 1
5366	10623	dum-
5367	10647	lug
5368	10647	ma?
5369	10647	ayaa
5370	10649	dul 1
5371	10649	ma?
5372	10649	ayaa
5373	10651	geed
5374	10651	ma?
5375	10651	ayaa
5376	10653	geel
5377	10653	ma?
5378	10653	ayaa
5379	10655	ceel
5380	10655	ma?
5381	10655	ayaa
5382	10657	reer
5383	10657	ma?
5384	10657	ayaa
5385	10659	bad
5386	10659	ma?
5387	10659	ayaa
5388	10661	cad 1
5389	10661	ma?
5390	10661	ayaa
5391	10662	geed
5392	10662	-ka
5393	10664	shir
5394	10664	-ka
5395	10665	gees
5396	10665	-ka
5397	10666	da'
5398	10666	-ta
5399	10667	tuug
5400	10667	-ka
5401	10668	bun
5402	10668	-ka
5403	10669	dabool-
5404	10669	-Ø 2
5405	10669	-ka
5406	10670	dad
5407	10670	-ka
5408	10695	sheeg-
5409	10695	-Ø 3
5410	10696	sheeg-
5411	10696	-id
5412	10697	raac-
5413	10697	-Ø 3
5414	10698	raac-
5415	10698	-id
5416	10701	sug- 2
5417	10701	-id
5418	10842	cad 3
5419	10843	waa
5420	10843	uu
5421	10843	qosl-
5422	10843	-ay 2
5423	10844	waa
5424	10844	uu
5425	10844	qosl-
5426	10844	-ay 2
5427	10844	oo
5428	10844	y-
5429	10844	-iri-
5430	10845	wiil
5431	10845	-kii
5432	10845	ayaa
5433	10845	yaab-
5434	10845	-ay 2
5435	10845	oo
5436	10845	y-
5437	10845	-iri-
5438	10846	gabdh-
5439	10846	-tii
5440	10846	ayaa
5441	10846	yaab-
5442	10846	-t
5443	10846	-ay 2
5444	10846	oo
5445	10846	t-
5446	10846	-iri-
5447	10847	guul
5448	10847	-ays
5449	10847	-t- 2
5450	10847	-o 3
5451	10849	guur
5452	10849	-sad-
5453	10849	-a
5454	10850	iib-
5455	10850	-sad-
5456	10850	-a
5457	10851	dhis-
5458	10851	-t- 2
5459	10851	-a
5460	10852	dub-
5461	10852	-t- 2
5462	10852	-a
5463	10857	ku
5464	10857	rid-
5465	10857	-Ø 3
5466	10858	ha 1
5467	10858	bood-
5468	10858	-t
5469	10858	-o 5
5470	10859	ha 1
5471	10859	sug- 1
5472	10859	-o 5
5473	10860	ha 1
5474	10860	tus-
5475	10860	-o 5
5476	10861	ha 1
5477	10861	tuur-
5478	10861	-t
5479	10861	-o 5
5480	10862	ha 1
5481	10862	rid-
5482	10862	-t
5483	10862	-o 5
5484	10863	y-
5485	10863	-aall-
5486	10863	-a 2
5487	10864	t-
5488	10864	-aall-
5489	10864	-a 2
5490	10865	waa
5491	10865	uu
5492	10865	y-
5493	10865	-iri-
5494	10866	waa
5495	10866	uu
5496	10866	y-
5497	10866	-aqaann-
5498	10867	waa
5499	10867	t-
5500	10867	-aqaann-
5501	10867	-ii
5502	10867	-n 2
5503	10868	waa
5504	10868	t-
5505	10868	-aqaann-
5506	10868	-aa 2
5507	10868	-n 2
5508	10869	waa
5509	10869	y-
5510	10869	-aqaann-
5511	10869	-ii
5512	10869	-n 2
5513	10870	t-
5514	10870	-aqaann-
5515	10870	-ii
5516	10870	-n 2
5517	10871	y-
5518	10871	-aqaann-
5519	10871	-ii
5520	10871	-n 2
5521	10872	tog
5522	10872	+
5523	10872	dheer
5524	10873	bari
5525	10875	waa
5526	10875	aan
5527	10875	tag-
5528	10875	-ay 1
5529	10875	-aa 2
5530	10876	waa
5531	10876	uu
5532	10876	tag-
5533	10876	-ay 1
5534	10876	-aa 2
5535	10877	waa
5536	10877	y-
5537	10877	ah
5538	10877	-ii
5539	10877	-n 2
5540	10878	waa
5541	10878	t-
5542	10878	ah
5543	10878	-ii
5544	10878	-n 2
5545	10879	Xasan
5546	10879	baa
5547	10879	y-
5548	10879	-imid-
5549	10880	sahr-
5550	10880	-o
5551	10880	baa
5552	10880	t-
5553	10880	-imid-
5554	10881	muus-
5555	10881	-e
5556	10881	-aa 5
5557	10881	y-
5558	10881	-imid-
5559	10882	Morgan
5560	10882	waa
5561	10882	macallim-
5562	10883	Cali
5563	10883	waa
5564	10883	uu
5565	10883	yar
5566	10883	y-
5567	10883	ah
5568	10883	-ay 3
5569	10884	sahr-
5570	10884	-o
5571	10884	waa
5572	10884	ay
5573	10884	yar
5574	10884	t-
5575	10884	ah
5576	10884	-ay 3
5577	10885	yar
5578	10885	t-
5579	10885	ah
5580	10885	-ay 3
5581	10886	yar
5582	10886	y-
5583	10886	ah
5584	10886	-ay 3
5585	10887	Xasan
5586	10887	waa
5587	10887	y-
5588	10887	-imid-
5589	10888	sahr-
5590	10888	-o
5591	10888	waa
5592	10888	ay
5593	10888	t-
5594	10888	-imid-
5595	10889	Cali
5596	10889	ayaa
5597	10889	y-
5598	10889	-imid-
5599	10890	sahr-
5600	10890	-o
5601	10890	ayaa
5602	10890	t-
5603	10890	-imid-
5604	10891	gacm-
5605	10891	-o 2
5606	10892	kab
5607	10892	-o 2
5608	10893	fard-
5609	10893	-o 2
5610	10894	doolli
5611	10894	-yaal
5612	10895	guul
5613	10895	-oyin
5614	10896	guul
5615	10896	-o 2
5616	10897	hilb-
5617	10897	-o 2
5618	10897	kala
5619	10897	duw-
5620	10897	-an
5621	10898	hilb-
5622	10899	jilb-
5623	10899	-o 2
5624	10900	midg-
5625	10900	-o
5626	10901	bidix
5627	10901	-o 2
5628	10902	koofi
5629	10902	-ad
5630	10902	-o 2
5631	10903	lug
5632	10904	lug
5633	10904	-o 2
5634	10905	saraawiil
5635	10906	gaadhi
5636	10907	gawaari
5637	10908	kuraas
5638	10910	qoys
5639	10910	-aC
5640	10911	hoy
5641	10912	cir
5642	10913	cir
5643	10913	-aC
5644	10914	wasiir
5645	10915	tuul-
5646	10915	-o
5647	10916	magac
5648	10917	qalbi
5649	10918	wadn-
5650	10918	-e
5651	10919	safar
5652	10920	fog
5653	10921	ayaa
5654	10922	gabdh-
5655	10922	ayaa
5656	10923	albaab
5657	10923	-o 2
5658	10924	albaab
5659	10924	-o 2
5660	10925	aflaan
5661	10927	hir
5662	10928	hir
5663	10928	-aC
5664	10929	hir
5665	10929	-aC
5666	10929	-ka
5667	10929	cod
5668	10929	-ka
5669	10930	hir
5670	10930	-aC
5671	10930	-ka
5672	10930	dhawaaq
5673	10930	-ka
5674	10931	gooy-
5675	10931	-ay 2
5676	10932	gooy-
5677	10932	-n
5678	10932	-ay 1
5679	10932	-aa 2
5680	10933	gooy-
5681	10933	-n
5682	10933	doon-
5683	10933	-aa 2
5684	10934	is
5685	10934	taag-
5686	10934	-san
5687	10935	taag-
5688	10935	-an
5689	10936	waa
5690	10936	aan 1
5691	10936	taag-
5692	10936	-an
5693	10936	ah
5694	10936	-ay 3
5695	10938	hunug
5696	10939	cas
5697	10940	guduud
5698	10941	guduud
5699	10942	gal
5700	10942	+
5701	10942	guduud
5702	10943	cad 3
5703	10943	-aan 3
5704	10944	madow 2
5705	10945	waa
5706	10945	madow
5707	10946	madow
5708	10946	-ka
5709	10947	moobayl
5710	10947	-ka
5711	10947	madow 2
5712	10948	bisl-
5713	10949	bisl-
5714	10949	-ay-
5715	10950	cayriin
5716	10951	cusb-
5717	10951	-ay-
5718	10952	cusb-
5719	10952	-ay-
5720	10952	-ka
5721	10953	nim-
5722	10953	cusb-
5723	10954	gaadhi
5724	10954	cusb-
5725	10955	buug
5726	10955	-ka
5727	10955	cusb-
5728	10955	-ay-
5729	10955	-ka
5730	10955	ah
5731	10955	-Ø 7
5732	10956	yaab-
5733	10956	-Ø 2
5734	10957	yaab-
5735	10957	-an
5736	10958	yaab-
5737	10958	-san
5738	10959	y-
5739	10959	-iri-
5740	10959	-Ø 5
5741	10960	akhri-
5742	10960	-n
5743	10960	-ay 1
5744	10960	-a 2
5745	10961	akhri-
5746	10961	-ay 1
5747	10961	-a 2
5748	10962	qor-
5749	10962	-ay 1
5750	10962	-a 2
5751	10963	qoy-
5752	10963	-an
5753	10964	shaati
5754	10964	-ka
5755	10964	-u
5756	10964	waa
5757	10964	uu
5758	10964	qoy-
5759	10964	-an
5760	10964	y-
5761	10964	ah
5762	10964	-ay 3
5763	10965	gooy-
5764	10965	-n
5765	10965	-ay 1
5766	10965	-a 2
5767	10966	mud-
5768	10966	-ay 1
5769	10966	-a 2
5770	10967	waa
5771	10967	la
5772	10967	i
5773	10967	soo
5774	10967	mud-
5775	10967	-ay 2
5776	10968	waa
5777	10968	la
5778	10968	i
5779	10968	soo
5780	10968	dur-
5781	10968	-ay 2
5782	10969	dur-
5783	10969	-ay 2
5784	10970	mud-
5785	10970	-ay 2
5786	10971	hargab
5787	10972	kuwee
5788	10973	kiisa
5789	10974	teeda
5790	10975	tiisa
5791	10976	kuwiisa
5792	10977	keeda
5793	10978	kuweeda
5794	10979	rooti
5795	10980	kayga
5796	10981	tayda
5797	10982	kuwayga
5798	10983	kaaga
5799	10984	kuwaaga
5800	10985	taada
5801	10986	wadn-
5802	10986	-e
5803	10986	-kay
5804	10986	-ka
5805	10987	wadn-
5806	10987	-e
5807	10987	-kiis
5808	10987	-ka
5809	10988	wadn-
5810	10988	-e
5811	10988	-kiis
5812	10988	-ka
5813	10988	-aa 5
5814	10988	shaq-
5815	10988	-ee 3
5816	10988	-n
5817	10988	-ay 1
5818	10988	-a 2
5819	10989	wadn-
5820	10989	-e
5821	10989	-kiis
5822	10989	-ka
5823	10989	-aa 5
5824	10989	garac-
5825	10989	-m
5826	10989	-ay 1
5827	10989	-a 2
5828	10990	wad-
5829	10990	-Ø 3
5830	10991	wadn-
5831	10991	-e
5832	10991	-kaa
5833	10991	-ka
5834	10992	fard-
5835	10992	-kiis
5836	10992	-ka
5837	10993	fard-
5838	10993	-kaa
5839	10993	-ka
5840	10994	fard-
5841	10995	safar
5842	10995	-kay
5843	10995	-ka
5844	10996	safar
5845	10996	-kaa
5846	10996	-ka
5847	10997	safar
5848	10997	-kiis
5849	10997	-ka
5850	10998	iyo
5851	10999	oo
5852	11000	ani-
5853	11000	-ka
5854	11000	oo
5855	11000	joog-
5856	11000	-a 2
5857	11000	Göteborg
5858	11001	waa
5859	11001	aan 1
5860	11001	oomm-
5861	11001	-an
5862	11001	ah
5863	11001	-ay 3
5864	11003	halyey
5865	11004	halyey
5866	11004	-ka
5867	11005	halyey
5868	11005	-o 2
5869	11005	-ta
5870	11005	Soomaali
5871	11005	-eed
5872	11005	ee
5873	11005	taariikh
5874	11005	-ta
5875	11005	ku
5876	11005	leh
5877	11005	bulsh-
5878	11005	-o
5879	11005	-ta
5880	11006	yey
5881	11007	ey
5882	11008	iya-
5883	11008	-ta
5884	11009	ay
5885	11011	halyey
5886	11011	-o 2
5887	11011	-ta
5888	11013	habeen
5889	11013	-nim-
5890	11013	-o
5891	11014	cirfiid
5892	11015	fur-
5893	11015	-ay 1
5894	11015	-a 2
5895	11016	fur-
5896	11016	-id
5897	11017	fur-
5898	11017	-itaan
5899	11018	meel
5900	11018	fog
5901	11019	tuul-
5902	11019	-o
5903	11019	yar
5904	11020	dhul
5905	11021	suuq
5906	11022	suuq
5907	11022	madow 2
5908	11023	suuq
5909	11023	-ka
5910	11023	madow 2
5911	11024	magaal-
5912	11024	-o
5913	11024	yar
5914	11025	meel
5915	11025	dhow
5916	11026	dhow
5917	11027	meel
5918	11027	-tii
5919	11027	waa
5920	11027	ay
5921	11027	fog
5922	11027	t-
5923	11027	ah
5924	11027	-ay 3
5925	11028	meel
5926	11028	-ta
5927	11028	-u
5928	11028	waa
5929	11028	ay
5930	11028	fog
5931	11028	t-
5932	11028	ah
5933	11028	-ay 3
5934	11029	fog
5935	11029	t-
5936	11029	ah
5937	11029	-ay 3
5938	11030	t-
5939	11030	ah
5940	11030	-ay 3
5941	11031	meel
5942	11031	-ta
5943	11031	-u
5944	11031	waa
5945	11031	yar
5946	11031	t-
5947	11031	ah
5948	11031	-ay 3
5949	11032	libaax
5950	11032	bad
5951	11032	-ta
5952	11032	ku
5953	11032	jir-
5954	11032	-a 2
5955	11033	libaax
5956	11033	bad
5957	11033	-ta
5958	11033	ka
5959	11033	y-
5960	11033	-imid-
5961	11033	-Ø 5
5962	11034	libaax
5963	11034	-ka
5964	11034	bad
5965	11034	-ta
5966	11035	dad
5967	11035	-ka
5968	11035	magaal-
5969	11035	-o
5970	11035	-ta
5971	11036	reer
5972	11036	+
5973	11036	baaddi-
5974	11036	-e
5975	11037	reer
5976	11037	+
5977	11037	miyi
5978	11038	baaddi-
5979	11038	-e
5980	11039	qoys
5981	11039	-ka
5982	11039	Maxamuud
5983	11040	reer
5984	11040	Maxamuud
5985	11041	habeen
5986	11041	+
5987	11041	badh
5988	11042	saq
5989	11042	dhex
5990	11042	-e 2
5991	11043	saq
5992	11043	-tii
5993	11043	dhex
5994	11043	-e 2
5995	11043	-Ø 6
5996	11043	uu
5997	11043	i
5998	11043	soo
5999	11043	wac-
6000	11043	-ay 2
6001	11044	saq
6002	11044	-tii
6003	11044	dhex
6004	11044	-e 2
6005	11044	baa
6006	11044	uu
6007	11044	i
6008	11044	soo
6009	11044	wac-
6010	11044	-ay 2
6011	11045	afar
6012	11045	+
6013	11045	gees
6014	11046	bad
6015	11046	-taas
6016	11046	weyn
6017	11047	dhagx-
6018	11047	+
6019	11047	madow
6020	11048	dhagx-
6021	11049	nabad
6022	11925	
